titles,category
“이러면 제주도 안 간다” ‘10만원’ 짜리 갈치구이 난리더니…역대급 대박났다?,IT
"法, 뉴진스 가처분 이의 신청도 기각...""독자활동 금지""",IT
"뉴진스, 데뷔 1000일 자축했지만…법원 판단은 그대로",IT
보이스피싱 원본 음성 데이터 왜 못 쓰나 했더니…'범죄자 개인정보'가 걸림돌,IT
"스타링크 韓 진출 임박…정부, 전파 혼간섭 방지 '총력'",IT
"5427만번 죽어도 ""도전 또 도전""…'퍼스트 버서커: 카잔' 글로벌 순항 비결은?",IT
한·미 민간 '우주 동맹'…30개 기업 뭉쳤다,IT
"로봇이 1536개 DNA 동시 조립·분석…""연구 속도 10배 높여""",IT
"7m까지 자라는 대왕 오징어, 심해서 최초 포착",IT
"한국인 美 대학 조교수, 비자 취소로 돌연 귀국길…유학생 불안감 커져",IT
6400억원 합의 시도 퇴짜맞은 저커버그,IT
"""올해 1분기 스마트폰 출하량 증가...삼성이 1위""",IT
"대형병원 쏠림 막는 '2차병원' 키운다…""중등도 중심 기능""(종합)",IT
M4 맥북에어 한국 출시…기본가 159만원 동결,IT
"미디어 새 판 짜는 KT, AI로 만든 숏폼 띄운다",IT
"""갤럭시 전세계서 빛났다""...삼성폰, 아이폰 따돌리고 글로벌 1위",IT
"최민희, 부총리급 '과기정통인공지능부' 격상 개정안 발의",IT
"어도비 인수 제안 거절하더니…피그마, IPO 절차 밟는다",IT
21세기 가장 많이 인용된 논문도 AI…챗GPT 근간 MS 신경망 연구,IT
"""하도급 판단 동의 못한다""…우본 DaaS 사업 뺏긴 네이버클라우드 '울분'",IT
"[K바이오 뉴프런티어 (6)] 뉴로벤티 ""자폐 신약 세계 최초 개발 도전…사회성 질환 치료제 시장 주도할 것""",IT
"이주호 부총리, 미복귀 유급 의대생에 ""학칙 따라 엄정 대응""",IT
오픈AI도 SNS 개발 중…머스크의 X·인스타그램에 도전장,IT
수소사업 한발짝 물러난 포스코…'패스트 팔로워' 전략 변경,IT
"'서울~부산 20분' 꿈의 열차, 하이퍼튜브 시동…현실화는 먼길",IT
과기정통부 부총리급 격상 법안 나왔다,IT
"美 관세전쟁에 흔들리는 스마트폰 시장…""올해 마이너스 성장 가능성""",IT
구독료를 비용으로 본 한국 넷플릭스… 1조 매출에도 법인세 50억원,IT
"[뉴스줌인]공공 SW사업, 적정대가 현실화 시급",IT
"“갤럭시S25 나왔는데”… 삼성전자, 1분기 스마트폰 판매량 애플에 밀린 이유는",IT
1분기 글로벌 스마트폰 출하량 3억500만대…1위 삼성·2위 애플,IT
"[DD퇴근길] KT, 미디어사업 전략 수정…""공격적으로 AI 접목""",IT
"김재섭 의원 ""복지부, 기금운용 수익률 통계 조작해”",IT
배달앱에 뜯겨 못살겠다더니…프랜차이즈 본사는 ‘실적 잔치’,IT
"""로봇 입으니 걸음이 한결 편하네""…위로보틱스, '윔S' 선봬",IT
"인간 치아 만들기 성공…“임플란트보다 튼튼, 거부반응 없다”",IT
최민희 ‘과학기술정보통신인공지능부’법 발의…방송은 방통위로,IT
"韓 개발 유방암 예후 검사 '온코프리', 온코타입DX와 유사한 성능 입증",IT
다시 불 붙은 美·中 관세 전쟁…삼성SDS가 제시한 생존 전략은,IT
산책부터 등산까지 거뜬... 주행보조로봇 ‘윔S’ 신작 출시,IT
"'슈퍼 을' ASML 1Q 순익 3.8조…""美 관세 불확실성 지속될 것""",IT
"흑백요리사·오겜2로 韓서 1조 번 넷플릭스, 세금은 50억원 '찔끔'",IT
"약사법 또 위반한 셀트리온제약, 지난해 이어 또 품목 제조 정지",IT
새끼 품은 ‘백악기 어룡’ 화석이 알려줄 수 있는 것들 [와우! 과학],IT
"CMG제약, 구강필름 조현병 치료제 '메조피' FDA 품목허가",IT
"SKT, '갤럭시 A56 5G' 기반 전용 스마트폰 '갤럭시 퀀텀6' 선보인다",IT
"""전세계 스마트폰 시장 관세 탓 역성장 가능성…1분기 삼성 1위""",IT
[AI는 지금] 앤트로픽도 'AI 음성 비서' 경쟁 가세…오픈AI·아마존·애플·삼성 넘을까,IT
"업스테이지 ""올해는 사람이 보고서를 쓰는 마지막 해가 될 듯""",IT
전고체 배터리 핵심소재 한계 넘었다…습식공정으로 이온 전도도 향상,IT
"제품 생산량 늘리는 애플… 韓 부품업계, 관세 예외 여부 ‘촉각’",IT
"보로노이, 이달 내 공개될 ‘VRN11’ 임상 결과 주목받는 이유는?",IT
"전기차 배터리, 4680보다 4695 인기...왜?",IT
"GM, 美 현지 LFP 각형 수급 검토…삼성SDI·LG엔솔 경합 [소부장박대리]",IT
노화인 줄 알았는데 '충격'…도파민이 보내는 '경고'였다,IT
"권경혁 대표 ""국내 제약·중견기업, 美 바이오기업 지분 투자 적극 지원할 것""",IT
"윤상순 대표 ""해외서 인정 받은 삼중항체 기술로…TCE의 안전성·효능 두 토끼 잡겠다""",IT
"이지영 교수 ""젬백스 신약 후보물질, PSP 질환치료 임상서 의미있는 결과 확인""",IT
"""효도선물로 인기였는데""…임플란트 시장 주춤한 이유 알고 보니",IT
[유리기판 테크데이] 이노메트리 “엑스레이 검사로 TGV 불량 '제로' 도전”,IT
"'생명의 언어' 해석하는 AI, 세상에 없는 '다목적 맞춤형 단백질' 설계하다",IT
"美 최대 바이오 VC ""유행 따라 투자 안 해…상장 후 끝까지 지원""",IT
봄철 면역력 높여라…휴온스 고함량 비타민 브랜드 '메리트C' 주목,IT
"KT ""공식적으로 티빙-웨이브 합병 의견 표명할 것""",IT
"""무료 기술만 쓰면 끝?""…공공 오픈소스 생태계, 조달·관리는 '빈틈'",IT
"""건강검진 받았다면 '이상지질혈증' 의심 결과 확인 해보세요""",IT
故김하늘 양 향해 악성 댓글 40대 사자명예훼손 혐의 송치,IT
최민희 과방위원장 부총리급 '과학기술정보통신인공지능부' 설립법안 발의…ICT거버넌스 개편논의 신호탄,IT
"[인터뷰] 삼성SDS ""양자컴 상용화 시점 중요치 않다…보안위협 PQC로 극복""",IT
"업스테이지, '풀스택AI'로 미국·일본·동남아 AI 시장 정조준",IT
"네이버, '맵스' 앞세워 본격 수익화…카카오는 'AI 메이트 로컬' 준비",IT
"구글, 제미나이에 동영상 생성 AI ‘비오2’ 탑재…“8초 영상 뚝딱”",IT
저궤도 위성통신 R&D 사업 첫발...위성통신 강국 '마중물' 기대,IT
"웨어러블 로봇 1년 새 500대 판 위로보틱스 ""1인 1로봇 시대 열겠다""",IT
"‘돼지 간’ 사람에게 이식, 美 FDA 임상시험 승인",IT
"KT ""'미디어·콘텐츠, 매출 목표보단 방향 전환이 중요"" [일문일답]",IT
20년산 IP의 힘… 활기 되찾은 모바일 MMORPG,IT
"KT, 미디어 AX 본격화…'전략통' 김채희 전무 시험대 위에(종합)",IT
'뮤직 끼워팔기' 논란에 한발 뺀 유튜브…토종앱에 호재?,IT
"[현장] ""美·中은 무단 크롤링, 우리는 정공법""…업스테이지, 글로벌 AI 정조준",IT
난 동의 안 했는데...페북·인스타·X에 올린 게시글까지 AI '학습 중',IT
모바일 게임 시장 韓中 고지전,IT
"KT, 미디어 전략 확 바꾼다…광고기반 무료스트리밍도 'OK'",IT
"""다시 한번 약값 인하"" 외친 트럼프...K바이오시밀러 기대감 '업'",IT
'가격인하·구형활보·쌓인재고' 中 로봇청소기 에코백스…브랜드 가치 하락에 '쩔쩔',IT
"""안녕하세요, 기술보다 사람이 존중받는 평화로운 '중고나라'입니다""",IT
美·中 무역전쟁에 발 묶인 엔비디아 'H20' GPU,IT
샤오미 포코 F7 프로 이달 21일 국내 출시,IT
"LG, 바이오와 AI 융합으로 신약 개발 새 시대 연다",IT
말 못하는 한 살 아기도 기억을 할까,IT
美 반도체 장비기업도 관세 타격… 연간 1조4000억원대 손실 전망,IT
돌고래와 대화하는 날 눈앞…사람에 하고팠던 말 뭘까,IT
"엔비디아, 데스크톱 PC용 지포스 RTX 5060·5060 Ti 출시",IT
“대통령은 우리 편”...6400억에 합의 제안했다가 퇴짜 맞은 저커버그,IT
"오픈AI, X와 비슷한 SNS 개발 중…머스크 X 정조준",IT
2000ℓ 물탱크에 고성능 펌프·구급차 기능까지…K-산불진화車 현장투입,IT
"CMG제약, 필름형 조현병 치료제 `메조피` 미국 FDA 품목허가",IT
“전자파 99% 완벽 흡수” 재료硏 이상복 박사팀…2024년 세계 1등 기술 선정,IT
"국내시장 포화, 안 터지는 글로벌…SOOP, ""글로벌은 장기전""",IT
"""사탕수수 찌꺼기와 햇빛으로 이산화탄소 배출 없는 수소 생산""",IT
"공공·금융 집중 vs 글로벌 확장…두레이vs플로우, 국산 협업툴 다른 선택",IT
"[인터뷰] ""대표가 99년생이래..."" 스타트업 투자계의 '통념 브레이커' 지디벤처스",IT
"""미국에 714조원 투자"" 안 통했다... 엔비디아, 중국용 AI 칩 수출 길 막혀",IT
"트럼프 반도체 관세, HBM까지 번질까…'우회 타격' 현실화 우려 [소부장반차장]",IT
"구글·메타 ""불법촬영물 게시전 차단 불가능""…통신법 유명무실",IT
"'포스트 우영우' 노리는 KT ""콘텐츠 제작 전과정에 AI 도입""",IT
"구글, 동영상 생성 AI '비오2' 출시…“8초짜리 영상 생성”",IT
"가스터빈 기술로 하늘까지…두산, 대한항공과 무인기 엔진 동맹",IT
"""AI 연루 부정적 사건 작년 56% ↑…AI 기대 가장 큰 나라는 中""",IT
"'레전드 오브 슬라임' 꺾이자…로드컴플릿, 매출 1000억 증발",IT
"산불에도 통신망 먹통 적었던 KT, 비결은 지중화·이원화",IT
"美 민감국가 발효 첫날, 한미 과학 협력 봇물… “장기화되면 악영향 불가피”",IT
"업스테이지 ""데이터 학습서 역차별…창작자 보상으로 풀어야""(종합)",IT
"美 마이크론, HBM용 '플럭스리스 본딩' 도입 준비…TC본더 업계 격돌 예고",IT
"[단독] 삼성전자, HBM 두뇌 ‘로직 다이’ 테스트 수율 안정권… HBM4 12단 개발 탄력",IT
"""판박이 상품은 별로""…토스뱅크 해외로 나간다",IT
"CMG제약, 필름형 조현병 치료제 ‘메조피’ 美FDA 품목허가",IT
"""지브리 다음은 바비""...계속되는 챗GPT-4o 이미지 생성 열풍",IT
"챗GPT 뿌리 된 논문, 21세기 최다 인용…“도구가 혁신 이끌었다”",IT
"""올해 AI가 인간능력 넘어설 것""…업스테이지, '솔라' 글로벌 출사표",IT
"HD현대, 세계 최대 규모 액화이산화탄소 운반선 진수",IT
"[게임사 곳간 점검]스마일게이트, 굳건한 현금창출력 입증",IT
"업스테이지, '경량 LLM' 글로벌 1위 도전…'솔라 1.5' 6월 공개",IT
"美 일부 국가에 의료DB 차단…한국은 제외, 연구 차질 없어",IT
"[일문일답]KT “미디어사업, 매출 5조원 목표보단 전략수정 시급”...AI로 승부수",IT
"[콘텐츠뷰] '신병3'로 본 미움받을 용기, 그리고 용서",IT
삼성전기 “반도체 유리기판 생태계 만들겠다”,IT
"국힘, 대선 후보자 8명 압축...22일 4명 컷오프",IT
"마이크로디지탈의 ‘든든한 내편’, 美서 관세전쟁 반사익 기대",IT
토종 OTT 연합에 의문 제기한 'KT'…독자 노선 강화,IT
"KT, 미디어 '3대 전환' 선언…AI·IP·FAST로 구조 재편 시동",IT
"'MS 손잡은' KT, 미디어 사업 AX 가속화…5000억 투자(종합)",IT
"NHN클라우드, 매출 성장 속 투자 속도 줄였다",IT
전고체 배터리 성능 높이는 원리 찾았다,IT
"어도비가 인수하려 했던 美소프트웨어 기업 피그마, 재상장 추진",IT
"KT ""웨이브와 합병 추진 티빙, 주주 가치 부합하는지 의문""",IT
업스테이지 “추론모델로 글로벌 AI 업무표준 주도할것”,IT
"[2025 산업기술혁신 정책 건의]“기업 R&D가 기술 혁신 최대 무기”...산기협 'GO, B.A.S.I.C' 제안",IT
[강석기의 과학카페] 암세포도 생존에 '미토콘드리아' 쓴다,IT
넥슨 '퍼스트 버서커: 카잔' 글로벌 순항…인기 비결 세 가지는?,IT
세계에서 가장 많이 인용된 논문 '용액 속 단백질량 측정법',IT
"관세·AI 확산에 스마트폰시장 요동… 中, 틈새 노린다",IT
"KT ""티빙-웨이브 합병, 티빙 주주가치에 부합하는지 의문""",IT
"'티빙-웨이브 합병' 수순에 KT는 불편한 속내…""티빙 주주가치 부합 의문""",IT
이달 말 '끝장' 보겠다는 의료계…물러서지 않는 정부와 대학,IT
"엔비디아 'H20' 中수출제한…""단기적 영향 적지만 AI 시장 위축""",IT
"업스테이지 ""업무 특화 AI로 한국 넘어 미국·아시아 시장 공략""",IT
[사이언스샷] 아기 ‘크라켄’ 100년 만에 첫 포착,IT
"노태문, 삼성 DX 직무대행 맡고 두 번째 메시지… “신사업 발굴에 집중”",IT
두나무 ‘업비트 데이터 랩’ 출시,IT
"내가 원하는 대로 지도 꾸민다…네이버, 지도 제작 기능 개편",IT
"MS 등에 업은 KT, 미디어 전략 시동",IT
“뉴스는 담당자 숙취로 쉽니다” 엄숙한 제약업계의 파격 변신,IT
"패스워드 없는 시대, 국내 플랫폼들은 `패스키`로 전환 중",IT
"폴더블 아이폰, '안보이는 카메라' 첫 도입할 듯",IT
"[영상] ""힘줄 봐""…인간 근육 모방 인간형 로봇 ‘프로토클론’",IT
"""KT만의 성장방식 찾겠다""… 콘텐츠 체질개선 'AX' 본격화",IT
"美 트럼프, 약가 인하 행정명령…K-바이오시밀러에 호재?",IT
"""올해 1분기 전 세계 PC 출하량 5900만대""",IT
"`한국형 스타링크` 성능, 우리 기술로 평가…6G 저궤도 위성통신 `측정표준` 확립",IT
미디어 혁신 시동 건 KT… “AI가 콘텐츠 만들고 IP도 키운다”,IT
위로보틱스 “1인 1로봇 시대 연다…모든 사람에게 한층 진화한 보행 경험 제공할 것”,IT
"""금융 AX서 독보적""…LG CNS, 미래에셋증권 AI 플랫폼도 구축",IT
MMORPG 장르 인기 지속...넷마블·넥슨 신작 흥행 '성공',IT
"LG CNS, 미래에셋증권 AIOps 완수…금융권 AX 시장 주도권 확보",IT
"유안타증권, ""헥토이노베이션, 절대적 저평가 구간""",IT
"中 샤오펑, 자율주행 칩 독자화 가속…2분기 양산 시작",IT
"[LCK 정규 시즌] 젠지, OK저축은행 패배 설욕할까?",IT
“생산속도 무려 4배↑” 사탕수수 찌꺼기+햇빛…그린 수소 만든다,IT
인디 게임에 진심인 네오위즈…올해도 신작 발굴 나선다,IT
"구글, '제미나이'에 '비오2' 통합…판 커지는 'AI 모델' 경쟁",IT
음극재 바꿔 전기차 배터리 충전속도·용량 모두 잡았다,IT
1분기 세계 PC 출하량 5900만대...전년비 4.8% ↑,IT
"삼성전기, 中 BYD에 전장용 MLCC 공급…사업 진출 후 첫 대규모 납품 [소부장반차장]",IT
이제 쏘카 앱에서도 서울시 자전거 '따릉이' 탄다,IT
"'우리 강아지 사람으로 바꿔줘'…챗GPT, 또 대박 터졌다",IT
"리플-SEC 분쟁, 운명의 날 D-1…가상자산 시장 분수령 될까",IT
"표준硏, 6G 저궤도 위성통신 성능 검증할 측정표준 개발",IT
"KT, 지니 TV에 AI 에이전트 탑재…콘텐츠 제작에 AI 전면 도입",IT
"루이뷔통, 에르메스에 밀렸다…명품 시총 1위 자리 내줘",IT
"나이키, 中 투자 강화…상하이에 새 스튜디오 연다",IT
"""텍스트로 8초 영상 생성""…구글 비오2 vs 오픈AI 소라 격돌",IT
"美, 엔비디아 H20도 中 수출 통제…""1Q 7.8兆 손실 예상""",IT
"오픈AI, SNS 시장 넘본다…'앙숙' 올트먼-머스크 정면 충돌",IT
"“K콘텐츠, 넷플릭스서 미국 다음 인기 2위…영국·일본 제쳐”",IT
"'포스트 우영우' 찾는다…KT ""미디어 매출 5조 목표, AI로 속도""",IT
"KT, 지니 TV에 AI 에이전트 상반기 중 탑재…MS와 협력",IT
"[100세건강] 男들의 말못할 고민…""유방 커지는 '이 상태'도 치료""",IT
"美, 엔비디아 저사양 AI칩까지 '中수출 무기한 제한'",IT
"'배그 아버지' 브렌든 그린 ""인터넷 같은 3D 메타버스 만든다""",IT
‘세계 최초’ 8천mAh 배터리폰 나왔다,IT
차세대발사체 재사용 발사체로 전환…변경 첫 관문 이달 말 결론,IT
1~2월 전기차 분리막 中 점유율 90% 육박…韓은 3.3%,IT
"올트먼의 오픈AI, 머스크 SNS '엑스' 대항마 만드나",IT
"기업이 찾고 경찰 출동…SKT, 4개월간 악성앱 2610건 차단",IT
"네이버 4000억, 구글은 200억…외산 빅테크 과세 공백 속수무책",IT
"700조원 투자한다 했는데...美, 엔비디아 'H20' 무기한 수출 규제",IT
"'오픈AI 라이벌' 앤트로픽, 아마존과 'AI 동맹' 더 끈끈해진다…AWS 사업 전담팀 신설",IT
"""전세기까지 띄워 실어 나르더니""…아이폰, 갤럭시와 '대혼전'",IT
"[유미's 픽] ""10년 전 전동수와 다르네""…이준희, 삼성SDS '40살' 생일에도 조용한 이유",IT
‘초속 73km’ 역행궤도 혜성 충돌…지구엔 궤멸적 피해,IT
“고속 충전·수명 연장” 두 마리 토끼 잡았다…차세대 배터리 음극소재 개발,IT
"“데이터센터, 별도 설비 관리자 둬라”…업계 “특수성 고려 필요”",IT
"김우영 ""네카오 5천400억 낼 때 구글 법인세 172억원 그쳐""",IT
2025년 우리는 '사만다'를 받아들일 준비가 됐을까 [취재수첩],IT
"리그오브레전드, ‘영혼의 꽃’ 테마로 새 단장… 신규 챔피언 ‘유나라’ 공개",IT
AI로 1070억원 보이스피싱 막았다,IT
"""폴더블 아이폰, 300만원 상회…갤Z폴드6보다 50만원 비싸""",IT
"LS일렉, 관세리스크 줄인다…美 공략 전초기지 준공",IT
[사이언스영상] 거꾸로 가는 자동차,IT
"""버스 오면 지팡이에 진동"" LGU+, 시각장애인 버스 탑승 돕는다",IT
"맷 호건 비트와이즈 CIO ""비트코인, 이전과 다른 양상 보이는 중""",IT
"“이수앱지스, 기술이전 가능성에 올해 실적 성장 기대”",IT
"요동치는 스마트폰 시장…애플, 삼성 제치고 첫 1위",IT
구글 ‘검색·크롬’ 선탑재 대가로 광고수익 공유…美·EU에 日 반독점 규제 합류,IT
"손 비비고, 눈 비비고, 허벅지 꼬집으며…비밀 풀기 위해 북극으로 떠난 이들",IT
"요시다 슈헤이 ""스위치2, 닌텐도 정체성 잃고 있다”",IT
"“중국에 팔지마”...선물 안겼는데도 7조6천억 손해보게 생긴 엔비디아, 무슨 일이",IT
"""쏘카앱에서 서울시 따릉이 부르세요""",IT
애플 첫 폴더블 아이폰 출시 임박했나…가격 290만원 이상,IT
"‘한국형 스타링크’ 성공구축 이끈다…韓 연구진, 전자파 측정표준 개발",IT
"‘가상 자산 통합 데이터 플랫폼’으로 한 단계 도약…두나무, ‘업비트 데이터 랩’ 출시",IT
엔비디아 7조원 손실에 주가 급락…中 우회한 H20 美 수출금지 ‘직격’,IT
혼자 일어서고 얼굴 표정 따라하고…쑥쑥 크는 中 로봇,IT
뇌처럼 생각·반응 똑똑한 ‘반도체’ 나왔다,IT
"50대 맞아?…권상우, `이것` 받고 리즈 시절 그대로 유지한 비결 공개[강민성의 헬스토리]",IT
"올트먼, 머스크 겨냥했나…오픈AI, X 같은 SNS 개발한다",IT
"현대차서 분사한 '매이드', 110억 투자 유치 [투자ABC]",IT
"라이엇, 'LoL' 시즌2 '영혼의 꽃' 예고…트롤링도 방지",IT
한우브랜드 1위 설로인…1분기 흑자전환 성공,IT
[IT클로즈업] 생성형AI 시대 ‘프라이빗 클라우드’가 재부상하는 이유,IT
"美, 엔비디아의 ‘저사양 AI 반도체’ 중국 수출 다시 제한",IT
"""K콘텐츠, 미국 이어 넷플릭스 인기 2위…영국·일본 제쳐""",IT
“리모컨 또 어디 갔지?” 이번엔 내 건망증이 아니라 AI가 범인,IT
"김병욱 ""AI 모르면 가만히 계셔야""... 안철수 정조준 반박",IT
"애플워치11, 혈압 측정 기능 들어갈듯...카메라는 아직[모닝폰]",IT
“나랑 대화해줘서 고마워”…팬들 지갑 열리게 하는 이 정체는,IT
"[IT썰] '지브리 프사' 대박 친 챗GPT, 머스크에 도전장…SNS 만든다",IT
'삼성에서 판다길래 기대했는데'…갤럭시 중고폰 뚜껑 열어보니,IT
"관세불확실성에 비트코인 약보합, 8만 4000달러대 거래",IT
"""글로벌보안시장 2030년 700조원 전망""…'K-보안' 해외로 잰걸음",IT
"""미국 다음은 한국 콘텐츠""…영국, 일본 제친 넷플릭스 시청시간",IT
의대생 군의관 기피 현실화…군 의료인력 공백 우려,IT
"[위메이드 리스타트]위믹스 위기, 블록체인 게임의 위기",IT
“눈물 줄줄 흘리게 하더니”…영국·일본도 제쳤다,IT
"‘현금 10조’ 쌓아둔 네카오, AI 인프라 투자↓… “美 빅테크와 기술 격차 더 벌어질 수도”",IT
"IPO 급한 메가존클라우드, 인터넷은행 도전장... “외연 확장하다 본업 무너질 수도”",IT
대세 여자 아이돌이 OOO를 한다고? 반전 매력 폭발 [1일IT템],IT
"오라클 “10년 넘은 증권 시스템, 한계 직면…클라우드로 전환 시급”",IT
"""갤S25 출시됐는데도""…애플, 1Q 판매량 삼성 첫 추월",IT
중대 결정 기로에 선 차세대발사체 재사용 전환,IT
인바디 잰다? 이벤트성 측정 넘어 일상화된 이유 [트랜D],IT
[기자의 눈]떠나는 韓 AI 인재…이대로면 AI 후진국 된다,IT
"SKT, 세계 최초 ‘T기내 와이파이 자동 로밍’ 서비스",IT
'로봇의 두뇌' 피지컬 AI 개발 위해 리얼월드 설립한 류중희 전 퓨처플레이 대표,IT
"젠슨황, 두 달만에 무릎 꿇렸다…“치매도 고친다” 양자컴 진격",IT
대형산불 원인? 토양 수분부족에 답있다,IT
"AMD, 美서 데이터센터용 반도체 생산…트럼프 관세 대응",IT
“10점 만점에 10점”… ‘전원 여성’ 탑승 우주선 무사 귀환,IT
“한국형 챗GPT 전국민 무료 사용” 이재명 AI 주요 공약 분석해보니,IT
[기자수첩] 퓨리오사AI 키운다며 발목 잡는 3가지 정책,IT
"엔비디아, 100% ‘메이드 인 아메리카’ 추진",IT
"‘리그오브레전드’, 시즌2 5월 1일 개막…돌아온 ‘영혼의 꽃’과 ‘고통의 아타칸’ 등장",IT
올해 LoL 두 번째 시즌 테마는 ‘영혼의 꽃’,IT
"삼성전기, 中 BYD에 전장 부품 공급",IT
"“잠금 해제가 안 돼요” 업데이트 후 먹통에 난리…삼성, 결국 배포 일시 중시",IT
"62년 만에 첫 ‘여성만 탄’ 우주선, 무중력 체험 뒤 지구로 무사귀환",IT
"영풍전자, 작년 적자 전환…매출 2년새 74.4% ↓",IT
"죽어가는 별, 우주에 모래시계 만들었다 [우주로 간다]",IT
인간도 상어처럼 ‘두 번째 영구치’ 가질 수 있을까,IT
"""트럼프도, 머스크도 인형으로 박제"" '바비 인형' 밈으로 트위터 난리났다",IT
"""우리은행도 알뜰폰 출시한대"", 싼 요금제 또 나올까",IT
"농심 레드포스 ‘TK777’ 이태경, 짜릿한 재역전골로 FSL 16강행",IT
동물실험 없앤다는 FDA…오가노이드·AI 신약개발 기업 `화색`,IT
"“언제부터 짜장면 배달비 받았다고” 배민, 포장비까지 받더니…터질 게 터졌다",IT
"""유럽 명품도 중국산""…'관세폭탄'에 대박 난 '中이커머스 앱'",IT
예고된 개인정보 유출… 대기업도 못막는 `크리덴셜 스터핑`?,IT
“뿌리기만 해도 ‘풍성’” 나오자마자 품절 대란…‘마법 샴푸’ 이어 ‘탈모 스프레이’ 나왔다,IT
지브리 밈 열풍에 '챗GPT' 韓 매출 폭발…다운로드당 수익 '세계 2위',IT
月 1만원대 5G 요금제 효과?… 가입자 증가에도 속내 복잡한 알뜰폰,IT
지브리 이어 바비… 식지않는 챗GPT 열풍,IT
자동 통화녹음에 괴물배터리 '갓성비 폰'[IT 써보니],IT
대만 정부-TSMC가 30년 지킨 'N-1 원칙' 무색해졌다,IT
"트럼프 관세정책 풍선효과?…애플, 1분기 아이폰 출하량 10% '껑충'",IT
혹한·잠과 싸우며 북극 온난화 비밀 풀었죠,IT
"""우주서 본 지구 고요·평화…최고 중 최고""",IT
"엔비디아, 700조원 투자 AI슈퍼컴 미국 현지 제조",IT
"민감국가 첫날…韓美과학계, 연구협력 봇물",IT
넥슨·크래프톤·넷마블 신작 흥행에 '함박웃음',IT
"KT, 첫 해외 진출…태국에 AX 플랫폼 수출한다",IT
'작은 가속기도 맵다'…수 센티미터로 초강력 빔 생성하는 소형 입자가속기,IT
美 횡단보도에 머스크·저커버그 목소리가…이유는,IT
"경찰, 방첩사 계엄문건 사칭 메일 '북한 소행' 지목",IT
"""韓, 혁신 주도한 핵심"" 유니티 사장이 직접 챙겼다...게임엔진 `범용성` 강조",IT
원화기반 스테이블코인이 절실한 이유[김현아의 IT세상읽기],IT
"20GB 1만원대 5G 요금제 ""싸긴 싸네""…알뜰폰족 다시 늘었다",IT
"AI 투자 100조·전 국민 무료 제공…이재명 공약, 전문가 의견은?",IT
"""男 신병3·女 나는 솔로""…ENA, '젊은 채널' 이미지 굳힌다",IT
"더본코리아 ""뼈 깎는 혁신...사과·해명 넘어 책임 다하겠다""",IT
"코헤시티 ""데이터 백업·복구에 강하다…베리타스와 시너지 기대""",IT
'달 착륙' 아르테미스 임무에 韓참여 확대…한미 워싱턴서 우주대화,IT
"""성능 개선했다더니""…GPT-4.1 출시한 오픈AI, 가격·정확도 논란",IT
"오픈AI, 코딩 성능 대폭 개선한 ‘챗GPT 4.1′ 공개… 개발자 공략",IT
"리얼월드, 210억원 시드투자 유치",IT
엔비디아 '700조원 AI 플랜' 韓기업 앰코테크놀로지 참여,IT
"美 FCC, 방송·통신 규제 전면 철폐 추진…우리나라는?",IT
로봇 파운데이션 모델社 '리얼월드' 출범…210억 시드투자 유치,IT
규칙적 운동이 치매 예방에 좋은 이유…“뇌 속 노폐물 배출에 효과적”,IT
"[DD퇴근길] ""세금 덜 내려 매출 축소?""…구글코리아, 법인세 회피 논란",IT
[현장에서] AI가 바꿔놓은 민주당 탈원전 정책,IT
이재명도 약속한 'AI 인재 병역특례' 입법 속도…업계도 '환영',IT
"""ISMS-P 돈값했네""…과징금 130억 이상 아낀 카드사",IT
"“이거 AI야, 사람이야?” 특히 민감한 한국 사람들…그래서 탄생한 ‘세계적 기술’",IT
"美, 반도체·의약품 관세 부과 수순…수입 안보 영향 조사 시작",IT
푸라닭 2.0 ‘홀 맛집’으로 변신…'나폴리 맛피아' 파스타도 출격,IT
"[보안리더] 김휘강 ""해커 출신 교수 1호···게임 논문 등으로 명성""",IT
격화되는 美·中 관세 갈등… 반도체업계 공급망 재편 속도,IT
"기안84·진·지예은 ""눈물나게 힘들어서 절친됐다"" [일문일답]",IT
발작성 기침이 계속… 韓日 백일해 주의보,IT
"""비밀번호보다 안전”… 카카오페이 암호화 논란에 전문가 반박",IT
메타 '인스타·왓츠앱' 강제매각 위기오나…美반독점소송 재판 시작,IT
[기후변화는 지금] 사계절 공식 바꾼 ‘절리저기압’…더 잦고 강해진다,IT
태풍 앞 촛불된 반도체·부품…장기화·불확실한 美 관세에 우려 확대[소부장반차장],IT
"한화에어로, 폴란드서 천무 유도탄 현지생산 나서",IT
"""클라우드 시대에 SI 잣대""…우본, 클라우드 PC 사업에 '하도급' 논란 자초",IT
"엔비디아, AI 슈퍼컴퓨터도 美에서 생산…4년간 700조 규모",IT
“벚꽃축제·팝업 스토어도 효과 없네”… 포켓몬고·피크민 불룸 이용자 ‘뚝’,IT
[이슈플러스]끊이지 않는 지식재산권 갈등 …얼음정수기 소송 일파만파,IT
"""고맙다 운빨존많겜"" 슈퍼패스트 그룹 2024년 매출 2770억원 달성",IT
"[유미's 픽] ""이건희 안목 통했다""…'40살' 삼성SDS, 韓 IT 이끈 인재 사관학교 우뚝",IT
"""차세대 유니티 엔진에 AI 접목...다양한 산업군으로 확대""",IT
“한국 게임 60%가 유니티 엔진 사용… 6.2버전부터 AI 기능 본격 도입”,IT
"[팩플] 저커버그, 인스타그램·왓츠앱 매각 위기?…막 오른 메타 반독점 소송",IT
"당근·오늘의집, 적자 탈출 성공…컬리는 ‘아직’",IT
"尹 계엄 이후 퍼진 '방첩사 계엄문건' 사칭 메일…경찰, “북한 소행”",IT
"""AI 변호사·의사 도입하고 주 52시간제 완화하자""…민주당 중기특위, 대선 공약 제안",IT
"LG유플 찾은 과방위… ""AI 학습 자료 주는 언론사, 아무 혜택 없는 것은 문제""",IT
'배터리 내재화' 성과내는 테슬라…LG엔솔⋅파나소닉vs엘앤에프 '희비',IT
"슈퍼패스트, 2024년 매출 2천777억원…‘운빨존많겜’ 흥행 컸다",IT
"리얼월드, 제조업 특화 로봇두뇌 만든다",IT
"‘코딩 성능 21%↑’ 오픈AI, 새 모델 GPT-4.1 공개...개발자 우선 제공",IT
美 민감국가 발효 '韓 핵무장론' 경고 차원일까,IT
"美 관세 대비 재고 비축? 애플, 1분기 아이폰 출하량 10% 증가",IT
"게임업계 '동메달' 스마일게이트, 순익 '반토막' 이유는",IT
"'다음주 韓 출시' 샤오미 포코 F7 프로, 통화녹음에 배터리 성능 좋네 [IT써보니]",IT
'챗GPT' 사랑하는 한국…다운로드 당 매출 美 다음 높아,IT
"학장들 ""의대 정상화, 새정부 출범과 무관…예외없이 유급"" 경고",IT
LG유플 찾은 과방위… “AI 학습 자료 주는 언론사가 수익 못 얻는 건 문제” [팩플],IT
"'큐라티스 공장 인수' 인벤티지랩 ""내년부터 비만약 임상 시료 생산""",IT
"LG전자, 내달 인도 스리시티에 3공장 착공",IT
"메타, 인스타 강제 매각할 수도…미국서 반독점 소송 시작",IT
"""외계인이 소련군 돌로 만들었다""…美 CIA 보고서 ‘화제’",IT
"산불 견디는 고목 껍질, 헤어스프레이에 담았다…탈모 잡은 카이스트 교수의 또다른 도전",IT
"[게임사 곳간 점검]컴투스, 적자에도 현금흐름 '맑음'",IT
"삼성 원UI 8, 이렇게 나온다…스크린샷 유출",IT
"온세미, 한국 신임 대표에 키파운드리·삼성반도체 출신 이태종 선임",IT
"""영업익 1조원 도약""…오리온, 8천300억원 투자",IT
"'관세 전쟁' 트럼프도 조선·LNG는 직진…""한미 호혜 가능""",IT
"""탈모와 스타일링을 동시에 해결""…그래비티 헤어 스프레이 출시",IT
ENA “신병 3·나는 솔로 흥행…여성 30대 타깃 집중”,IT
"""에이전틱 AI 내장하겠다""…유니티, '유나이트 서울 2025' 개최",IT
[트럼프 스트레스]PS·스위치 가격 줄인상하나…콘솔 정조준 韓게임사도 '촉각',IT
“다 내 덕분인거 알지?”…트럼프 화색 돌게한 젠슨황의 700조원,IT
"“샴푸는 과학입니다” KAIST 교수, 이번엔 탈모 방지 스프레이",IT
"'먹통 오류' 배포 중단된 갤럭시 원UI7, 보안 폴더 문제도?",IT
"[보안기업] 이글루 ""SIEM과 보안관제 선구자···오픈 XDR로 새 도약""",IT
올초 알뜰폰 가입자 수 다시 증가세…“만 원대 20GB 요금제 기대감”,IT
韓 50% 의존 中 희토류…“광범위한 영향 예의주시”,IT
"[정보보안 수출 점검]③'해외 매출 감소' 이글루, 중동·일본 레퍼런스로 돌파구 모색",IT
"신약개발 후보물질 한 번에 찾는다...포스텍 연구, 게임체인저 될까",IT
넥슨·크래프톤과 함께 ‘TOP3’ 합류한 이 게임사,IT
유니티 “AI 허브로 진화…개발 전 과정 돕는 플랫폼 될 것”,IT
"유니티 CEO ""韓, 매번 혁신으로 영감 주는 완벽한 시장""(종합)",IT
데이터 보안 화두…코헤시티가 '양자 안전 암호화' 꺼낸 이유,IT
홍범식 LG유플러스 대표 “AI는 국가대항전…국가 힘 모아야”,IT
치약처럼 짜서 쓰는 배터리 개발됐다,IT
"""슈퍼컴 6호기' 출격 준비…'한국형 AI' 연구인프라 혁신",IT
"폴더블 아이폰, 화면 사양 나왔다…""폴더블 화면에 UDC 지원""",IT
"美, 韓 '민감국가' 지정 발효…과학계 우려 지속",IT
바이오스테이션·100만 한국인 빅데이터 구축…바이오 R&D 확장,IT
"그래비티, 탈모·스타일링 고민 동시 해결 헤어스프레이 출시",IT
"'잠든 백업 데이터 깨우는' 코헤시티, 양자내성암호 등 신규 보안 업데이트",IT
"LG엔솔 ""각형·46시리즈 특허 침해 확인…자력 대응 한계""",IT
"유니티 CEO ""한국은 완벽한 시장""…韓 개발 생태계 높이 사(종합)",IT
미드 ‘전격 Z작전’처럼 사람과 대화할 수 있는 자동차 기술 나왔다,IT
"구글, 320만km급 국제 전용망 완전자율네트워크로 전환 추진...AI 통신기술 경쟁 참전",IT
[VCT 퍼시픽 스테이지1] DRX·T1 자력 그룹 1위 진출 어려워,IT
"이국종 ""내 인생 망했다…문과놈들 입만 터는 이 나라 떠나라""",IT
"화이자, 먹는 비만치료제 개발 중단..""간 손상 가능성 있어""",IT
"매튜 브롬버그 CEO “유니티, 韓개발자 혁신에 늘 영감... PC·콘솔 확장 주목”",IT
"유니티 ""유니티 6, 다운로드 300만…AI·산업 협업 확대 본격화”",IT
"""언론사, AI 학습 소스 제공하는데 수익 없는 것은 문제""(종합)",IT
"‘BBT-877’에 올인했던 브릿지바이오, 반전할 묘책은?",IT
"美 민감국가 발효 ""과학기술 협력 문제없다""지만…일각서 우려도",IT
"탈모+스타일링 고민 ‘원샷 원킬’…‘탈모샴푸 대박’ 그래비티, 헤어 스프레이 출시",IT
세계 최초로 대한항공 타면 기내 인터넷 알아서 연결된다,IT
美서 잘나가는 TSMC…인텔은 구조조정 착수,IT
"유니티 CEO ""유니티 6.2에 AI 에이전트 도입…한국은 중요 시장""(종합)",IT
"[현장] '대환장 기안장' 파워?…BTS 진 ""태어나서 가장 많은 연락 받아""",IT
황재호 민트로켓 대표 “韓 게임 창의성 없다고? ‘데이브’는 달라”,IT
예금 금리 더 내릴라…선제적 재유치에 2월 정기예적금 8.5조원↑,IT
"인텔, 알테라 지분 51% 매각…립부 탄 CEO 첫 구조조정",IT
"삼성서울병원, '관상동맥 내 쇄석술' 최초 시행",IT
"엔비디아, 美서 700조원 투자해 AI 인프라 구축 계획",IT
“미지의 세계 몰입 최고 중의 최고… 노래로 만들 것”,IT
"LG유플 홍범식 ""韓 AI 2~3년 늦었지만, 더이상 뒤처지진 않을 것""",IT
빅테크부터 통신사까지… ‘경량 AI’ 전쟁,IT
"‘저렴한 가격’에 어려운 코딩도 척척 오픈AI, 새 AI 모델 GPT-4.1 공개",IT
"지슨, 코스닥 상장예비심사 통과",IT
[트럼프 스트레스] 관세 회피 애플·가격 공세 中…삼성 스마트폰 '생존 딜레마',IT
유튜브와 역대급 격차 벌어진 카카오톡…체질 개선 준비 중,IT
"비행기 탔더니 자동으로 와이파이 접속...SKT·SK텔링크, 세계 최초 기내 자동 로밍 서비스",IT
알뜰폰 가입자 수 반등... 1만원대 5G 요금제 출시 효과?,IT
"아태 AX 시장 정조준...LG CNS, 구글 클라우드와 손 잡았다",IT
"`데더다` 신화 황재호 민트로켓 대표 ""창의력, 반복과 개선에서 온다""",IT
"“중고 반도체 장비용 부품 거래”…서플러스글로벌, 세미마켓 문연다",IT
"스마일게이트, 지난해 매출 1조5552억·영업익 5146억 ‘호조’",IT
'치매예방'에 운동이 좋은 이유 있었네…서울대·KAIST 연구팀 일냈다,IT
"코헤시티, '넷백업 11.0' 업데이트 발표…""양자컴도 못 뚫어""",IT
숭실대 전체 수석 “LGU+에 입사…보안 전문가 되겠다”,IT
5G 1만원대 알뜰폰 수요 폭증,IT
"백악관 가상자산 위원회 ""트럼프 행정부, 관세 수익으로 비트코인 매입 추진 가능성""",IT
"시냅틱스, 폴더블 OLED 대응 차세대 터치 컨트롤러 공개 [소부장디과장]",IT
"엔비디아 ""파트너들과 美에 700조원 규모 AI 인프라 구축 계획""",IT
"홍범식 LGU+ 사장 ""AI는 기업 경쟁 아닌 국가대항전…국가 역량 모아야""(종합)",IT
챗GPT에서 브랜드 노출 극대화하려면 어떻게 해야 할까,IT
상호관세·미중갈등에 공급망 비상…SCM 주목하는 기업들,IT
"NASA 과학 예산 절반 삭감, 차세대 우주망원경 무산되나...과학계 “멸종 수준 사건” 머스크도 “걱정스럽다”",IT
“우리 비밀친구 할래?”...하다하다 ‘이것’과도 대화 가능해진 AI,IT
군 입대하려 휴학한 의대생 2074명…의정갈등 전보다 10배↑(종합),IT
1만원대 20GB 요금제 기대 여파? 올초 알뜰폰 가입자 수 증가,IT
"AMD, 차세대 에픽도 TSMC서…N2 기반 칩 구현·검증 완료",IT
美 반도체 관세 폭격 우려에…부품·장비 업체 긴장감 '고조',IT
"마라톤 사족보행로봇부터 인공 미니 뇌, 입김으로 얼리는 연못까지…KAIST, 과학기술축제 참가",IT
‘전원 여성’으로 구성된 우주선의 귀환 [플랫],IT
"""키보드로 만든 팬티, PC 활용 하이힐""…레트로 테크 패션 주목",IT
"韓 방문한 맷 브롬버그 유니티 CEO...""한국 게임 시장, 혁신과 영감 준다""",IT
"""日 제조업, 韓 AI에 문 열었다""…마키나락스, 도쿄 진출로 새 시장 '개척'",IT
中 CATL 1분기 순이익 33% 늘어,IT
"과방위원 만난 LGU+ 홍범식 “AI 국가대항전, 국회-민간 실질 협력 필요”",IT
"[단독] SKT 양자컴 협력 시동…유영상, 아이온큐 회장과 회동",IT
"""버그 때문에""…삼성, 원UI 7 업데이트 일시 중단",IT
"""관세 실현 시 美 AI 학습 비용 33% 증가…韓 기회 될 수도""",IT
지구 궤도 덮은 ‘우주쓰레기’…하루 3개씩 위성·로켓 추락 중 [핵잼 사이언스],IT
"날고기 먹은 고양이, 조류 인플루엔자에 취약… 반려동물 生食 주의보",IT
"""갤S25로 바꾸자"" 100만명 우르르…삼전 말고도 이 회사들 웃었다",IT
웹툰 주인공 말 걸었더니 '대박'…네이버웹툰 실험 통했다,IT
엔비디아 “美서 4년간 700조 규모 AI 인프라 생산”,IT
"애플, 1분기 글로벌 스마트폰 판매 1위…삼성전자 2위",IT
"오픈AI, `GPT-4.1` API로 공개…""코딩·효율성↑""",IT
"SKT·SK텔링크, 글로벌 최초 '기내 와이파이 자동 로밍 서비스' 출시",IT
"인텔, FPGA 자회사 알테라 지분 51% 매각...사업 재편 본격화",IT
"의협회장 ""전공의·의대생의 길 틀리지 않았다""…20일 집회 참석 호소",IT
전세계 GPU 수급난…추경으로 올해 1만장 구할 수 있을까,IT
[체험기] '보급형 AI태블릿' 갤럭시 탭S10FE 플러스,IT
사진 한 장으로 사람처럼 말하는` AI 아바타` 구현,IT
"온세미, 알레그로 10조 인수 제안 철회",IT
"여성들만 다녀온 10분간의 우주비행…""최고 중의 최고""",IT
"KT클라우드, 영업·투자 현금흐름 동반 개선...인프라 확대 정조준",IT
"SKT·SK텔링크, 기내 와이파이 자동 로밍 세계 최초 출시",IT
"데브시스터즈, 쿠키런 IP로 다시 도약…'오븐스매시' 출시 기대",IT
사진 한 장으로 ‘말하는 AI 아바타’ 만든다,IT
"AMD ""TSMC N2 공정서 차세대 서버용 프로세서 '베니스' 생산""",IT
"고용 한파 속, 채용 플랫폼 작년 성적 비교해보니",IT
"노드VPN, 출퇴근길 공공 와이파이 주의…""해커들의 놀이터""",IT
"트럼프의 선물?... 애플, 관세 폭탄 피해 시총 3조달러 회복",IT
"[현장] 한국인공지능산업협회 ""AI 전환은 생존 문제""…산업 현안 집중 조명",IT
"“인증없이 자동으로” SKT·SK텔링크, 기내 와이파이 ‘자동 로밍’ 세계 최초 출시",IT
"신약 개발부터 기후 대응까지…글로벌 전문가들 ""양자유용성 눈앞""",IT
"올해 1~2월 음극재 절대강자 中…韓·日, 북미 진출로 점유 확대 '집중' [소부장박대리]",IT
"오픈AI, 코딩·가성비 중점 둔 GPT-4.1로 구글·앤스로픽 견제",IT
"애플, 시총 3조 달러 회복…'관세 일시 면제'에 활짝",IT
'세계 최초' 기내 와이파이 자동 로밍… SK텔레콤 일냈다,IT
복귀 의대생 신상 매번 유포…SNS까지 터는데 방법 없나,IT
"롯데바이오로직스, 당근책 없는 ‘반쪽짜리’ 송도 이전...텅빈 수주·직원 반대 ‘사면초가’",IT
'지브리 놀이' 인기 여전하네…챗GPT 주간 앱 다운 1위,IT
AI로 캐릭터와 대화 나누니 네이버웹툰 원작 매출 '껑충',IT
"큐리옥스 김남용 대표 ""美바이오 소부장 톱10과 계약 막바지...AI타고 퀀텀점프""",IT
“사진 한 장 만으로” 사람처럼 말하는 ‘AI 아바타’ 만든다,IT
"메타 '反독점' 첫 재판…""인스타·왓츠앱 인수해 독점"" vs ""유튜브·틱톡과도 경쟁""",IT
"라온시큐어, PQC 기반 개방형 의료 플랫폼 최초 개발 나선다",IT
"美 스타벅스, 바리스타 복장 규정 강화... 노조는 '발끈'",IT
"""기내서도 인증 없이 와이파이 즐기세요""",IT
"비행기 타면 자동으로 와이파이 접속…SKT, 로밍 서비스 혁신",IT
"""먹산 모여라""…CU, 사이즈 키운 ‘두산 베어스 응원 간식’ 출시",IT
LGU+-숭실대 ‘전체 수석’…“보안 분야 전문가 되겠다”,IT
"[인터뷰] ""기성 세대는 크롬, Z세대는 오페라…AI로 웹 브라우저 시장 변화""",IT
"KT, 국내 최초 LLM 플랫폼 수출…태국 AI 인프라 구축",IT
"""기내서 자동으로 와이파이 접속""…SKT·SK텔링크, 서비스 첫 출시",IT
경기 불황에 ‘1만원대’로 쏠린 눈…알뜰폰發 5G 요금제 ‘지각변동’,IT
"‘싼 값’에 어려운 코딩도 척척…오픈AI, 새 AI 모델 GPT-4.1 공개",IT
"한국 지도에 집착하는 구글, 꿍꿍이 뭐길래…""기술 생태계 잡아먹힌다""",IT
"""기내 와이파이 자동 로밍하세요""…SKT, 서비스 이용 절차 간소화",IT
"오픈AI 신규 AI 모델 'GPT-4.1' 공개…""코딩·문맥파악 탁월""",IT
눈 떠보니 '대잔류 시대'...요지부동 '핵심인재' 끌어오는 법,IT
“우리도 만들수 있다”...한국에 PC시대 열었던 주인공 잠들다,IT
"SKT·SK텔링크, 기내 와이파이 자동 로밍 세계 최초 출시",IT
[사이테크+] 우주에 탄소질 소행성 많은데 지구에 운석이 드문 이유는?,IT
"엔비디아, 美에 AI 슈퍼컴 공급망 구축…삼성·SK도 대응 필요",IT
"""500만원 아이폰 안돼""…애플, 中 생산중단에 인도·베트남 생산 안간힘",IT
"삼성 턱밑 추격…애플, 1분기 출하량 10% 증가",IT
"김승환 아모레퍼시픽 대표 ""3~5년 안에 美 생산시설 투자""",IT
"[미장브리핑] 미국 車 관세 제외?…""불확실성 상존""",IT
"SKT·SK텔링크, '기내 와이파이 자동 로밍' 세계 최초 출시",IT
"SKT·SK텔링크, 'T 기내 와이파이 자동 로밍' 세계 최초 출시",IT
"식지 않는 지브리 열풍…챗GPT, 주간 신규 다운로드 1위",IT
"분당서울대병원 ""한국인 유전성 난청유전자 치료 가능성 확인""",IT
유권해석에 뒤집힌 우본 DaaS 사업…“기술·제도 간극 좁혀야”,IT
메타 반독점 재판 시작...인스타그램·왓츠앱 강제 매각 나올까,IT
"차용준 아이엠비디엑스 CMO ""암재발 조기탐지, 항암치료에 혁명온다""",IT
"애플의 아픈 손가락 '이 제품', 이번엔 성공할까",IT
[사이언스샷] 시험관 속 미니 뇌가 ‘아얏’…피부에서 뇌까지 통증 전달,IT
"엔비디아, 블랙웰·AI 컴퓨터 美 현지생산 착수…TSMC·폭스콘 거대 생태계 조성",IT
운명의 한주…위메이드 '위믹스' 상폐 이번주 결정,IT
“GD도 깜짝 놀랐다” 춤추는 로봇개…KAIST 첨단기술 직접 체험해본다,IT
"트럼프 변덕에 스마트폰 '안갯속'…""삼성이 유리"" 관측도",IT
"네카오·구글, 외국인 관광객 명분 ‘지도 전쟁’…정밀해야 좋은 걸까",IT
"오픈AI, 새 AI 모델 GPT-4.1 공개 개발자에 우선 제공",IT
"엔비디아, ‘100% 미국산 AI수퍼컴’ 만든다...관세 우려에 대미투자 발표",IT
"트럼프 상호관세로 비싸지는 실험장비…""고환율 더해 이중고""",IT
"""골목길도 보이게"" 데이터 달라는 구글…""안보시설 가려라"" 요구엔 '묵묵'",IT
“10점 만점에 10점”…여성들만의 첫 준궤도 우주여행,IT
집 전화기 치운지 오래…'돈 안되는' 시내전화 사업 계속하는 이유,IT
"[IT썰]오픈AI, '코딩' 특화 생성형 AI 모델 GPT-4.1 공개",IT
다른 개미들 울 때 주가 12% 뛰었다…'관세 무풍지대' 실적도 청신호,IT
"[단독] KT, 송파사옥 6000평 임대…""AI 투자 위한 실탄 확보""",IT
"트럼프 만난 젠슨 황, 미국산 AI 슈퍼컴 만든다",IT
이재명도 띄웠던 '블록체인 게임'…생태계 확장 가능성과 한계는,IT
"""40대 부장님도 빠졌다더니""…난리난 '이 앱' 결국 1위 찍었다",IT
트럼프 일시 관세 면제 효과? 비트코인 8만 4000달러대 반등,IT
"애플, 삼성 제치고 1분기 글로벌 스마트폰 판매 사상 첫 1위 [모닝폰]",IT
"매각설에 웹툰 업계 '들썩'…""플랫폼 보호 의무 다해야""",IT
"'1만원대 5G 요금제'라더니 '화들짝'…""요금폭탄 맞을라""",IT
"구글, '유튜브 뮤직' 뺀 새 요금제 韓에도 출시하나…공정위와 협의 중",IT
인공지능이 바꾼 쇼핑몰 풍경(feat.일당백),IT
“우리 부장님도 바꿨다”…식지않는 지브리 열풍에 챗GPT 주간 신규 다운로드 1위,IT
[기자의 눈]구글의 지도 개방 압박…협상 주도권 내주지 말아야,IT
스위스 제약사도 결국 미국행…글로벌 빅파마 '리쇼어링' 가속,IT
"엔비디아, 美에 4년간 700조원 규모 AI 슈퍼컴 공장 건립한다",IT
"구글, ‘트럼프 관세’ 등에 업고 韓 지도 데이터 요구하는데…“시장 잠식 우려”vs“세계 유일의 불허”",IT
"[비즈톡톡] 회원사 간 갈등의 골 때문?… LG헬로비전, 알뜰폰협회 떠나는 이유는",IT
[100세 과학] “디지털 치매는 오해”…스마트폰이 인지기능 보호한다,IT
샤오미 포코 F7 프로 써보니.. 통화녹음 되고 배터리 미쳤네 [1일IT템],IT
"""어머니, 카드발급 되셨네요?""…고령층 노리는 '콜백 스미싱' 급증",IT
"AI보다 코딩 잘해?…신입 개발자의 비명, 구인공고 19% 급감 [팩플]",IT
"구글, 올해도 韓 법인세 수천억 회피?…과세 공백에 속수무책",IT
"""믿고 거래하세요""…중고폰 사업자 인증제도 이르면 내달 시행",IT
트럼프 콘솔 기기 관세 폭풍… 한국 게임사 해외 공략 차질 빚나,IT
[유효상 칼럼] 왜 바이오산업에 빅뱅이 예상될까,IT
식지않는 지브리 열풍…챗GPT 주간 신규 다운로드 1위,IT
"애플 아이폰 1분기 출하량 10% 급증…""관세 피하기 위해 재고 비축""",IT
애플·삼성 한숨 돌리나 했더니…오락가락 트럼프 관세에 신작 불똥 튀나,IT
[트렌드줌인]중앙아시아로 향하는 스타트업들,IT
"'지브리 스타일' 열풍에... 올트먼 ""챗GPT 이용자, 몇 주 만에 2배 증가""",IT
"엔비디아 ""美 AI 인프라 구축 위해 4년간 5000억달러 투자""",IT
[위성으로 본 세상] 개장 앞둔 北 원산 명사십리 관광지...김정은 방문 때마다 건설 속도 ‘쑥’,IT
"""내 모습 인형으로""…지브리 이어 '바비코어' 열풍",IT
잘파세대 겨냥한 네이버의 다음 수…버추얼 생태계 확장 잰걸음,IT
"“10년 내 세상 바꿀 양자컴퓨팅 리더 찾아라” 미 DARPA, 옥석 가리기 프로젝트",IT
62년 만에 여성만 탄 우주선 비행했다,IT
사람지문이 같을 확률 640억 분의1…인공지문이 같을 확률은,IT
'AI 황제' 젠슨 황이 한국 게임사 대표를 단둘이 만난 까닭은,IT
“요즘 것들은 자기 편한 것만 챙겨”...도전없는 회사에는 도전하는 MZ 없다,IT
“아이폰도 아닌데 누가 100만원 주고 사나 했더니…” 32만명 몰려 하루 만에 품절 ‘대박’,IT
'상폐 분기점' 놓인 위믹스…게임사도 전문가도 '촉각',IT
"""업데이트하니 먹통""…삼성전자, 갤럭시 원UI7 배포 중단",IT
"야권, 국회 토론회 열고 ""한화 경영 승계 논란...시장 의심은 합리적""",IT
"'비전프로' 쓴맛 본 애플, 스마트 글라스에 ‘올인'하나",IT
경량 스포츠카 제조사 ‘로터스’ 77년 역사 장식한 슈퍼카 살펴보니,IT
"""픽업 서비스 도입해 수익 224% 증가""...배민, 포장 주문 수수료 6.8%의 순기능 역설",IT
“이건 ‘충격’ 넘어 ‘공포’” 싼맛에 산 중국산 카메라에 난리…터질 게 터졌다,IT
"넷마블 'RF온라인: 넥스트', 구글 매출 1위 탈환...이유는",IT
"""기술만이 살 길""…韓 최초 PC 만든 선구자",IT
AI시대 떠오른 '해저 데이터 동맥'…美·中 바닷속 경쟁 치열,IT
"KG스틸에도 적용… AI 예측과 제어, 산업 공정을 바꾸다",IT
"한국서 6300억 번 구글, 세금은 240억 내…네이버, 세금만 4000억",IT
"“AI 면접 왜 떨어졌나…친절한 XAI가 상세하게 알려주죠""",IT
CBDC vs 스테이블코인… 美中 기축통화 경쟁 디지털로 확장,IT
우리은행도 알뜰폰 출격… 금융·통신 핵심 2030 끌어모은다,IT
"'이 딥페이크 선거영상, 진짜?' 이렇게 오인하게 하면 위법",IT
"""누구나 에이전트 만들어 돈 버는 시대, AI 미래 '탈중앙화'로 가야 길 열린다""[AI 혁신가를 만나다]",IT
'1000만원으로 시작한 혁신'… 이용태 삼보 회장 92세 일기로 별세,IT
"삼성전자, 갤럭시S24 ‘원UI 7’ 업데이트 중단…“이른 시일 내 재개”",IT
격해지는 미중 관세전쟁…한국도 전통산업 이어 신산업마저 위기,IT
"리벨리온, 왜 일본에 갔나... ""AI 반도체 1인자 없는 지금이 日시장 선점 적기""",IT
'韓 PC 개척자' 이용태 전 삼보컴퓨터 회장 별세,IT
국내 첫 개인용컴퓨터 개발…한국 IT강국 초석,IT
스마일게이트 깜짝 실적…게임업계 'NKS' 3강으로 급부상,IT
"[한국을 바꿀 10개의 질문] ""앞으로 수십년 국가 명운 결정할 기술 퍼즐 맞추기 당장 시작하라""",IT
전자제품 관세 뺐다가 다시 넣더니 발표 미뤄 … 끝없는 뒤집기,IT
"""척추 수술 최대한 미뤄라?""…골 보존 척추 내시경술 '주목'",IT
"""원래 내 자리였다"" 넷마블 'RF 온라인 넥스트' 구글 매출 1위 탈환",IT
"KT, 스타링크 상륙 앞두고 ‘AI 석학’ 영입",IT
"“오늘 뉴스, 숙취로 쉽니다. 힝 속았징”…기업 SNS에 버젓이…대체 무슨 일?",IT
"'다크앤다커' 개발 아이언메이스, 2024년 영업손실 17억…1년 만에 적자",IT
[한국을 바꿀 10개의 질문] 대한민국은 준비됐는가 미래가 달린 10가지 질문,IT
동물실험 없애는 美…오가노이드·AI '탄력',IT
"인투셀 ""ADC 美 시젠 넘어…독성 줄인 항암제 개발할 것""",IT
"금융지주사, AI기업 투자 과감해질까… ""핀테크기업 출자제한 5%→15% 확대"" 입법예고",IT
월 200弗이 대세…프리미엄 AI 시장 열린다,IT
"美, 반도체 관세 임박…韓 주력 수출품 또 막히나",IT
"""700만원 보증금 내면 해킹수익 나눠줄께""…달라진 랜섬웨어 공격 방식",IT
[게임사 곳간 점검]펄어비스 순익 증가에도 현금흐름 악화된 까닭,IT
美 트럼프 변덕에 출렁이는 스마트폰 업계…관세 불확실성은 '현재·미래 진행형',IT
넷마블 'RF 온라인 넥스트' 구글 매출 1위 탈환,IT
"""갤럭시폰 '원 UI 7' 설치 후 버그""…삼성, 1주 만에 업데이트 중단",IT
'CBDC vs. 스테이블코인' 미중 기축통화 경쟁도 디지털화 [코인브리핑],IT
"美, CSAP 추가 완화 요구…""韓 금융·공공 이득 가능성""",IT
배민 '픽업 주문 유료화' 시작...엇갈린 반응,IT
"[AI는 지금] ""밤새고 싶어도 장비는 없고""…韓, 글로벌 AI 경쟁서 출발선도 못 선다",IT
적자폭 확 줄인 카카오엔터프라이즈…국내 대표 CSP로 성장 '박차',IT
"[기고] 대한민국이 AI 강국으로 가는 길, 데이터 활용의 딜레마를 넘어",IT
1980년대 ‘국민 PC’ 이끈 이용태 삼보컴퓨터 명예회장 별세,IT
5억년 전 미스터리 절지동물의 성장법…화석은 알고 있다 [와우! 과학],IT
"[DD퇴근길] 이재명, 경선 첫 행보는…메타 인수 거절한 '퓨리오사AI'",IT
"반도체 관세 사흘간 5번 말바꾼 美…기업들 ""어쩌란 말이오""",IT
6분기 연속 적자 롯데면세점...'따이궁' 손 떼고 새 판 짠다,IT
"""스마트폰 제외 아냐""… 트럼프 관세 변덕에 삼성·애플 '한숨'",IT
"직방, '아파트·스마트홈'으로 '빌라 전세사기 여파' 뚫는다",IT
SK실트론 경영권 매각추진 소식에 구미 경제계·노동계 촉각,IT
‘무릎 꿇기’ 전략 안 통했나···실리콘밸리의 ‘잔인한 4월’,IT
넷플릭스 한국 매출 9000억 찍을 때 티빙·웨이브는 적자,IT
"“IT선구자, 큰 별 졌다” 이용태 전 삼보컴퓨터 회장 별세",IT
KAIST發 `10조 잭팟`…3년간 20곳 코스닥 입성,IT
"정부 ""한국산 구리 관세 부과시 對美 배터리 투자도 위태""",IT
"질병청 ""세계최초 유전자재조합 '탄저백신' 올해 안에 생산·비축""",IT
"삼성전자, ‘원UI 7’ 업데이트 버그 문제로 중단 [1일IT템]",IT
20대부터 `혈당 관리` 한다…`혈당케어` 시장 들썩,IT
"[단독]""왜 잠금 안 풀리고 배터리 빨리 닳죠?""…갤S24 '원UI 업데이트'에 무슨 일이",IT
"[팽동현의 테크픽] 늦깎이 열풍 `MCP`, AI에이전트 연결 표준 되나",IT
"'재무구조 안정화' AP위성, '소형위성' 수주 확장 기대",IT
K-게임 동남아 수출 ‘2조 시대’… 넥슨·엔씨소프트도 공략 확대,IT
"염동훈표 메가존클라우드, AI 중심 조직개편…“인력조정과 무관”",IT
"[영상] 로봇끼리 주먹 맞댄다…中, ‘세계 최초’ 로봇 복싱 경기 개최",IT
"세 번 뽑을 때까지 당첨 확률 0%… 공정위, 게임사 코그에 과징금",IT
"비용 털고 수익 개선한 통신3사, 단통법 폐지·대선 공약에 `촉각`",IT
"소비자 외면으로 부진하는 XR… 메타·삼성·애플, `차세대`로 재도약 이룰까",IT
"넥슨, '카잔' 흥행 이제부터?…게이머들 5400만회 도전했다",IT
美 반도체 추가 관세 '초읽기'...年 23조원 수출 타격,IT
"지구 바다, 오래 전엔 녹색…미래엔 보라색 될 수도",IT
"파두, 세계 2위 SSD 업체 대만 에이데이터와 MOU 체결",IT
"알츠하이머로 인한 기억력 감퇴, 원인 단백질 찾았다",IT
"트럼프, ‘기후위기 감시’ 해양대기청 핵심 부서 폐지 수순",IT
"애플, 차세대 비전 프로 개발 중…""더 가볍고, 더 싸게""",IT
“휴대폰 0% 수렴” 3G 종료할까…6월 재할당계획에 ‘주목’,IT
1분기 실적 희비⋯'호실적 기대' 네이버 vs '숨 고르기' 카카오,IT
李 첫 경선 무대는 AI 스타트업…국가 지원 공약 본격화,IT
"치매로 잃은 기억력, 뇌 속 별세포 단백질 때문이었다",IT
"美 트럼프 정부, 우주스타트업 지원금 12.5% 줄여…""경쟁력 떨어지고 위축될 것""",IT
“한국인가요?” 괌에서 T멤버십 사용해보니 ‘쏠쏠’[잇:써봐],IT
넷플릭스 韓 매출 '1조' 육박…티빙·웨이브는 적자 축소에 안간힘,IT
"코 찌르기 등 복잡한 과정 생략, 환자 침만으로도 코로나19 현장진단",IT
"애플, 비전 프로 실패에도 차세대 제품 개발… 웨어러블·스마트 안경 경쟁은 현재 진행형",IT
"MBK, '지오영' 인수 직후 2천억 회수…유상감자 단행",IT
"트럼프發 반도체 관세 득실 따져보니… 삼성전자·SK하이닉스는 ‘불리’, 美 마이크론은 ‘비교적 이득’",IT
대용량 배터리 스마트폰 시대 열린다,IT
"""싸우기 싫어, 방치할래""…스마트폰 인기게임이 달라졌어요",IT
대한민국 1세대 벤처사업가 하늘로…이용태 전 삼보컴퓨터 회장 별세,IT
"이번엔 '증강현실 안경'에 꽂힌 애플 팀 쿡…""제품 개발 매우 열중""",IT
'한국 IT산업 선구자' 이용태 전 삼보컴퓨터 회장 별세,IT
"10년 간 답보한 XR 경험...""이미지 개선이 선제적 해결과제""",IT
"구글, 한국서도 '유튜브 뮤직' 뺀 새 요금제 출시 검토 [팩플]",IT
"""스마트폰 별도 관세""…오락가락 트럼프에 고심 커지는 삼성·애플",IT
"“반도체 관세 면제” “곧 관세율 발표”… TSMC, 관세 혼란에 美 장비 반입 속도",IT
“머리카락 나는 약이라며” 또 속았다…소비자 기만한 ‘광고’ 무더기 적발,IT
알츠하이머로 인한 기억상실 뇌 속에서 반짝이는 ‘이것’ 때문,IT
의대 정원 여전히 미정…수업 불참 두고 고민 중,IT
"'구원 vs 파괴' 숏드라마, K콘텐츠에 새 과제 던져",IT
"퓨리오사AI 찾은 이재명 전 당대표, “AI 현장에서 새로운 희망이 보인다”",IT
'IT 대부(代父)' 이용태 삼보컴퓨터 설립자 별세,IT
韓의료재건 도운 美의대…이젠 서울아산병원이 '간이식' 가르쳐,IT
"삼성서울병원 ""림프절 외 NK/T 세포 림프종 새 치료법 가능성""",IT
"정치권 AI 지원 본격화 선언, 딥노이드 주가 6%대 강세",IT
"""탈중앙화가 AI의 미래될 것"" 가이아넷 샤섕크 스리파다 COO",IT
“이 노래는 뭘까?”… 안드로이드서 더 많이 쓴다는 애플 음악검색 앱 ‘샤잠’,IT
"美 방송 규제 대수술 본격화…조기 대선 앞둔 韓, 미디어 리셋 과제 직면",IT
불붙은 대선…안심데이터 등 통신공약 주목,IT
‘책임 경영’에 나선 박관호 회장…위믹스 향후 전망은?,IT
"문자의 빨간 문구를 확인하세요…KT, ‘악성 주의’ 알림 서비스 확대",IT
"과징금 소송전 앞둔 SKT, 로펌 교체한다…김앤장 유력",IT
"“대만은 되고, 우리는 왜 못됐을까”… 韓 PC 산업 개척자 이용태 회장 별세",IT
한국에서 3869억 벌어들인 구글코리아...납부한 세금 살펴보니,IT
"구글 '갑질'에 사업자 등골 휘고, 소비자 지갑 털리는데…방통위 제재 '하세월'",IT
"양자내성암호 전환 초읽기...과기정통부, 에너지·의료·행정 시범사업",IT
조기 대선 앞두고 가짜 영상...“조금이라도 오인 가능성 있다면 법 위반”,IT
“이번엔 어떤 놀이가 가능해질까”...기대감 높이는 오픈AI ‘신상’,IT
"온코닉테라퓨틱스, 올해 매출 전망 54% 상향 조정…‘자큐보’ 효과",IT
"""여보, 애기 돌 반지 어딨어? 한돈에 64만원이래""…金 사상 최고치",IT
"[D터뷰] 박상일 파크시스템스 ""AFM 시장 1위에서 계측 장비 선두로…반도체 후공정 진입 목표""",IT
"막연한 AI 도입, 이제 성과가 필요하다…“델 테크놀로지스가 가장 준비된 파트너”",IT
"李, 대선 후 첫 행보로 '퓨리오사AI' 택했다…""AI 사회 대비해야""",IT
[단독] 韓 오리지널 확대하는 넷플릭스…류준열X설경구 '들쥐' 확보,IT
62년 만에 여성들만 우주로…케이티 페리·베이조스 약혼녀 등 우주비행,IT
암의 ‘숨은 조력자’ 없앤다…면역항암제 후보물질개발,IT
TSMC·마이크론은 치고 나가는데…삼성·SK 반도체 투자는 '뒷걸음',IT
"'개인정보 유출' 티머니, KISA 신고 완료…피해 규모는 쉬쉬",IT
업비트 UBCI 지수 3.24%↑...AI 섹터 급등 속 완만한 상승,IT
파크시스템스 “원자현미경 넘어 반도체 종합계측 장비사 도약”,IT
AI는 튀김과 구이 구별할 수 있을까…식품 인식 기술 검증 결과,IT
전자 피부에도 지문 새긴다,IT
AI 시대 이끌 개방형 반도체 설계 IP '리스크 파이브'에 주목해야,IT
"오픈AI, 경량화 GPT-4.1로 숨통 트나",IT
"민간인 신분 尹, 첫 형사재판서 내란수괴 혐의 부인",IT
"KT멤버십, 4월 ‘달.달.혜택’… ‘착한의사’, ‘반올림피자’ 할인 추가",IT
"“코 찌르는 고통 끝” 타액만으로 코로나 검사…포스텍, 현장진단센서 개발",IT
산사태 ‘2시간 반’ 안에 예측…대피 골든타임 확보한다!,IT
"한덕수 ""美와 '협상의 시간' 돌입…마지막 소명 다하겠다""",IT
"""지도 넘기면 IT산업 몰락할수도""…전문가들, 범국가적 대응 촉구",IT
"이재명 첫 공식일정은 퓨리오사AI...""새로운 희망 보인다""",IT
"세계 양자의 날, 한국 실종 사건",IT
"공정위, 그랜드체이스 확률 조작 '코그'에 과징금 3600만원",IT
"""원자현미경(AFM)으로 글로벌 계측장비 기업 도약""",IT
작년 중국 반도체 수입 '껑충'…위안화 결제 비중 역대 최고치,IT
“항암 방해 대식세포만 정밀타격” 고형암 치료효능↑…펩타이드 신약 나온다,IT
공산 국가만 정밀 지도 안 준다…이스라엘도 공산국가?,IT
'확률형 아이템'이라더니 확률 '0%'…온라인 게임 새빨간 거짓말,IT
"참진드기가 나르는 '이 질환'…""치료제 없어 예방 최선""",IT
MMORPG는 끝났다더니… 신작 출시마다 차트 점령,IT
"만성 비염?…강아지 노란 콧물, 항생제 치료해도 낫지 않았던 이유",IT
"[영상]위성, 대포알처럼 날아 기관총처럼 쏜다…내년 선보일 신개념 발사 기술",IT
"KT ‘악성 문자 의심’ 알림, 단문 메시지 → MMS 확대",IT
1:5000 고정밀 지도 정보 요구 3번째…구글의 꿍꿍이는?,IT
"위세아이텍, 정치테마주 논란 속 실적개선·신사업으로 승부수",IT
"대원씨티에스, 크루셜 DDR5-6400 CUDIMM 메모리 출시",IT
"GIST, 물체 인식 정확도 높이는 인공지능 기술 개발",IT
"애플, 스마트 안경 개발 중…비전프로 2세대도 준비",IT
"[트럼프 스트레스] ""혼란→안도→혼란"" 美 관세 之 행보에 스마트폰 ‘안절부절‘",IT
"온코닉테라퓨틱스, ‘자큐보’ 효과로 올해 매출 전망 54% 상향 조정",IT
"""모양 바꿨더니 안 튀네""…튀는 소변 95% 줄인 소변기 ‘화제’",IT
"스마트폰 일단 제외, 한숨 돌린 삼성·애플 [혼돈의 美 관세]",IT
"리멤버앤컴퍼니, 작년 매출 685억원·영업손실 42억원",IT
[김미경의 플랫폼Eye] `지브리풍 열기`에 재점화한 AI 저작권 논란… 법제화는 언제?,IT
"갤럭시Z폴드 7, 원UI 8·12GB 램 탑재하나",IT
'50년 양자 난제' 해결...양자컴퓨터 성능 극복 발판 제시,IT
"""구글맵 없으면 정말 불편해?""…고정밀 지도 반출 둘러싼 두 가지 시선",IT
500만원 짜리 화웨이폰이 40만대 팔렸다…삼성 '두번 접는 폰'도 흥행할까,IT
"""전체 파업이냐 정부와 대화냐""…깊어진 의협 내 세대 갈등",IT
"불법 시청 넘어 초상권 침해…中, 마트 한복판에 '폭싹 속았수다' 사진 걸었다",IT
"음식점 사장님의 절세 비결?…""의제매입세액공제 주목""",IT
"""아이패드OS19, 맥OS와 더 비슷해진다""",IT
"""침만 묻히면 끝!""…POSTECH·아산병원의 코로나 진단센서 혁신",IT
"""머리카락 난다고 했잖아요""…탈모인 울린 부당광고 192건 적발",IT
"""1년 쓰고 해지도 OK""…쏘카, 장기렌터카 시장 혁신한다",IT
"과기정통부, 양자컴퓨터 대응 차세대 암호기술 개발 본격",IT
"스튜디오N '재혼황후' 제작, 디즈니+로?…""편성은 미정""",IT
"""대통령실 위치는 OO""…구글, 안보시설 삭제요청 4년째 '묵묵'",IT
"에이수스, 비보북 S16 출시…“향상된 AI 경험 선사”",IT
"""선점한 삼성전자와 쫓는 애플"" AI 목장의 대결투 [IT+]",IT
`내 머릿 속의 지우개` 이유 알아냈다…뇌 속 별세포 `단백질` 관여,IT
"""美 51번째주? 관세 25%?""…등 돌린 캐나다, AI 패권 쥔 美에 전력 공급 멈출까",IT
BYD 대구전시장 '아토3' 최초 출고,IT
"미국 내 히스패닉 소비자들, 추방 공포에 지출 줄인다",IT
"트럼프 관세 전쟁 탓으로...럭셔리 시장, 올해도 힘들다",IT
"셀트리온 `유플라이마`, 미국서 휴미라와 상호교환 변경 허가",IT
"양자컴으로도 해독 어려운 양자내성암호, 국내 시범 도입",IT
"제2 카잔-인조이 나오나...주요 게임사, 자체 개발 신작으로 승부수",IT
"에이수스, AI 노트북 '비보북 S16' 출시",IT
"새로운 RaaS 조직 등장하는데…랜섬웨어 공격, 알면서도 당한다",IT
"“딥페이크 영상, 조금이라도 오인할 수 있다면 선거법 위반”",IT
"치매, 망각의 이유 찾았다…“별세포 단백질이 신호전달 억제”",IT
"스카니아, 파산한 노스볼트 일부 인수…오프로드 전동화 가속",IT
"한전 암호체계 '양자암호'로…정부, '양자내성암호' 지원사업 추진",IT
KAIST 설립이래 생존기업 1914개…총 매출 36조 원,IT
"대선 앞두고 '딥페이크와의 전쟁'…""오인 가능성만 있어도 위법""",IT
'극단적 선택' 조언하는 AI…윤리문제 현실화,IT
"“로봇이 처음 보는 물체도 한눈에 정확히 인식”…GIST, 실시간 AI 비전 기술 개발",IT
"블루오리진, 팝스타 페리 등 여성 6명 우주 보낸다",IT
"대한민국 벤처기업인 1호 이용태, 하늘의 별이 되다",IT
"'준비된' 이뮨온시아 김흥태 대표 ""제2의 '렉라자' 자신""",IT
"이재명 ""AI 투자 100조원 시대 열겠다""…국가AI위 재편 구상도",IT
"쏘카, 위약금 면제·주행거리 무제한 등 혜택 담은 '신차장기플랜' 출시",IT
"또 '크리덴셜 스터핑' 문제…티머니, 외부공격으로 개인정보 유출",IT
"韓 연구진, 치매 기억 손상원인 찾았다…“단기 기억력 회복 가능성 입증”",IT
"[AI혁명](148)""나만의 AI 건강 비서"" 만드는 '사각'",IT
"네이버 지도, 외국인 관광객 위해 韓 MZ 핫플레이스 총정리",IT
비전 프로 흥행 참패한 애플…더 싸고 가벼운 후속작 만든다,IT
환율 따라 오른 챗GPT 구독료 부담스럽죠? “인앱결제 하세요”,IT
메타도 탐낸 퓨리오사AI…이재명 방문에 '들썩',IT
"편의점 택배도 다음날 받는다…CU, 내일보장택배 시작",IT
애플 차기 ‘iOS19’…맥북과 더 가까이,IT
"“나보다 좋은 곳 많이 아네”…한국 놀러온 외국인 친구, 핫플 꿰고 있네",IT
양자컴도 못 뚫는 '양자내성암호'…에너지·의료·행정 인프라 최초 적용,IT
"IBS, 뇌 속 '별세포'에서 치매 기억력 저하 이유 찾아…기억 손상 조절 단백질 'SIRT2' 규명",IT
"스마트폰은 상호 관세 제외 한숨 돌린 삼성, 애플…불안감은 여전",IT
우주 발효 된장이 더 고소한 까닭은…방사선? 무중력? 온도?,IT
에너지·의료·행정분야 양자내성암호 시범전환 착수,IT
"이젠 MMS에서도…KT-삼성, '악성 문자 주의 알림' 서비스 확대",IT
“또 오락가락하네”...대통령 해명까지 나온 ‘관세 면제’ 전자기기도 안심 못해,IT
"""AI 노트북으로 새로운 경험""…에이수스 '비보북 S16' 출시",IT
"셀트리온 ""美서 휴미라 처방 받으면 이거 달라고 하세요""",IT
KAIST 스타트업 상장 4년간 20곳…기업가치 10조원 돌파,IT
"“향상된 AI 경험 선사”…에이수스, 비보북 S16 출시",IT
양자내성암호 전환 시동…에너지·의료·행정 시범사업 ‘착수’,IT
"KT, 삼성전자와 '악성 문자 주의 알림' 서비스…MMS로 확대",IT
"애플, 맥과 연결되는 비전 프로 개발 중",IT
"피플바이오, 통증없이 저렴하게 혈액으로 치매검사[편즉생 난즉사]③",IT
"KT-삼성전자, ‘악성 문자주의 알림’ 서비스 MMS로 확대",IT
"""딥페이크 선거 영상, 조금이라도 오인 가능성 있다면 법 위반""",IT
"에이수스, '스냅드래곤X·라이젠 7 탑재' AI 노트북 '비보북 S16' 출시",IT
"'공공보안 1위' 지슨, 코스닥 간다…""글로벌 기업 도약""",IT
"""배달비 아껴 돈 더 벌 수 있다""…300억 투자해 '포장' 늘리겠다는 배민",IT
“이제는 해볼만하다”...한국어 잘하는 AI 만들겠다는 이 기업은,IT
전자 피부에도 지문…“AI 로봇에 고유 지문 가능”,IT
"“갤럭시 S22는 한 달 더 대기” 삼성, ‘원UI 7.0’ 공개[모닝폰]",IT
“AI이미지 저작권 문제? 걱정마세요”...주목받는 국내 스타트업,IT
"""중국에서 또?"" 이번엔 박보검·아이유 초상권 논란",IT
"“일하실 분 모십니다”...인력 감축은 딴세상 이야기, K제약 채용 ‘큰장’",IT
코로나 변이도 감지…현장 진단용 센서 개발,IT
"장기렌트도 새 차로 부담없이…쏘카, '신차장기플랜' 출시",IT
"유유제약, 20억원 규모 자사주 취득",IT
"트럼프 ""전자제품 관세 면제 아니다""…기술업계 혼란 증폭 [친절한 IT]",IT
"""애플, 새 비전 프로 개발 중…가볍고 저렴하다""",IT
"이재명, 첫 대선 행보는 AI…14일 ‘퓨리오사AI’ 방문",IT
"""XX 먹다가 토 쏠려"" 점주 울린 악성 리뷰…확 줄어든 이유 있었다",IT
"비전프로 쓴맛 본 애플, 스마트글래스 '올인'? [윤민혁의 실리콘밸리View]",IT
“무려 10조원 역대급 대박” KAIST 출신들 결국 일냈다,IT
강단에 선 이세돌…대학도 AI 활용 사활,IT
게임 콘솔에 관세 부가…트럼프 관세 정책에 게임업계 '긴장',IT
"[IT썰] ""가격 낮추고 가볍다""...애플 '비전 프로 2세대' 개발 박차",IT
"오픈AI, 이미지·영상 멀티모달 `GPT-4.1` 공개 임박",IT
"美 관세정책 혼선에 비트코인 다시 하락, 8만 3000달러대 거래",IT
"오픈AI, 'GPT-4.1' 비롯 차세대 AI 모델 대거 선보인다",IT
"""글로벌 협업…저평가 털고 빅4로 간다""",IT
휴대폰 요금확인 한번에..마이데이터 서비스 빠르면 내달 출시,IT
산사태 ‘2시간 반’ 안에 예측…대피 골든타임 확보한다!,IT
"'AI 군불' 게임사, 개발 투자는 실적 따라 갈렸다",IT
'조기 대선' 앞두고 또 불거지는 '딥페이크 주의보',IT
[주간 클라우드 동향/4월③] AI 에이전트 시대 연 ‘구글 클라우드 넥스트’,IT
"자신감 붙은 美 마이크론, HBM 장비 대거 반입… “물량 경쟁 신호탄”",IT
[100세 과학] 3대 노인성 뇌질환 파킨슨병…치료 열쇠 찾는 R&D 활발,IT
"""또 12GB야?"" 삼성, '갤럭시 Z 폴드' 램 용량 7년째 동결하나 [1일IT템]",IT
"""중국 70% 비중 전통의학시장, 한국은 1%…'한의학' 위상 되찾아야""[인터뷰]",IT
"""고객님, 샴푸 사고 싶은거죠?"" AI 업고 진화하는 '리테일테크'",IT
"""아기 울음이 이상해요, 응급 상황입니다""…육아 조력까지 하는 AI비서",IT
"中 바이오, 신약 후보 물질 31% 장악… 美는 경계령",IT
"""韓 건강보험 보장률, OECD 평균만 돼도 가계 소득 30조 증가""",IT
‘반도체 별도 관세’는 14일 발표... “매우 구체적일 것”,IT
"“누가 더 똑똑한지 겨뤄보자”...성능 대전 벌어진 AI, 조작 논란도?",IT
산사태 ‘2시간 반’ 안에 예측…대피 골든타임 확보한다!,IT
"지구 밖 첫 엑스레이 사진…이것은, 우주 향한 인류의 손짓",IT
"골목골목 누비는 로봇 택배 배달원, 올여름 배송 출발",IT
귀 열고 세계를 느끼면…보이지 않는 것들이 들린다[소리과학의 미래],IT
[단독] “전관예우 노렸나?” 중국에 ‘내 정보’ 넘겼다던 카카오페이…결국,IT
"美 반도체 견제 나선 中 ""팹 있는 곳이 원산지 기준""",IT
"""1조 벌고 한국서 세금 54억을 내?"" 해외 빅테크의 절세 테크닉",IT
"`아이폰` 폭등 우려 피했다…한발 물러선 트럼프, 불확실성은 `여전`",IT
“여기는 그냥 구멍가게야” 30억 베팅 유재석 한탄하더니…충격의 적자 사태,IT
[기자수첩] 日 반도체처럼 신산업 파격 지원을,IT
"美에 세포공정 자동화시스템 수출…""K바이오 소부장, 국제표준 눈앞""",IT
"""ADC 기술이전 지속 성과… 시총 1조원 재탈환 자신""[CEO 열전]",IT
애플 덕에 일단 숨통 튼 삼성… 반도체 품목별 관세에 '촉각',IT
"""가성비 몰두하는 K함정…스텔스 등 첨단기능 탑재 없인 수출 필패""",IT
"패턴을 찾는 직무, AI로 대체될 가능성 가장 높아",IT
"美中과 더 벌어지면 기술 식민지 전락…정부 전방위 지원 절실[AI 비서, 모든 산업 삼킨다]",IT
"10년내 281조 시장 급팽창…""기존 산업질서 송두리째 흔들 것""[AI 비서, 모든 산업 삼킨다]",IT
"의협 ""의개특위 즉각 해체…20일 총궐기대회 1만명 운집 예상""(종합)",IT
추론형 AI 급성장…테스트 시장도 커진다,IT
"네이버, 모빌리티·커머스 '버티컬 공략'…카카오는 오픈AI와 손잡고 대중화 추진 [AI 비서, 모든 산업 삼킨다]",IT
"""AI의 손발이 생겼다… MCP, 차세대 AI 연결 표준으로 부상""",IT
쇼핑객 시선까지 분석…AI 업고 진화하는 '리테일테크',IT
"KT, 최신 GPU 도입한다…불붙은 'AX 경쟁'",IT
"'아이폰 관세 폭탄' 피했다… 트럼프 ""상호관세서 스마트폰 제외""",IT
AI發 사이버공격 늘어나는데…빅테크들 안전은 `뒷전`,IT
"국내 1위 MSP 메가존클라우드, 조직 개편·인력 조정 착수",IT
"엔비디아 점화한 파운드리 1nm 전쟁, 반도체 ‘판’이 바뀐다 [AI&칩 워]",IT
일주일 두번꼴 비행기 리튬전지 화재 사고...‘비닐봉지’로 막을 수 있을까 [사이언스라운지],IT
"美 FDA, 구조조정 인력 감축…`의약품 심사` 지연 우려 목소리",IT
"LG전자, 70만원대 무선청소기로 보급형 시장 공략",IT
“청소 잘하면 비싸도 좋아”…로봇청소기 최우선 구매 조건은 '성능',IT
AS도 친환경…삼성전자·서비스 '리퍼 부품 수리 서비스' 도입,IT
"책 팔아 대박난 삼프로TV, 다시 '상장 시계' 돌리나",IT
"""이 돈내고 굳이""…위기 느낀 OTT 업체들 '결단' 내렸다",IT
"수츠케버 `SSI`, 20억달러 투자 추가 유치…기업가치 벌써 수십조원",IT
"美 반도체 관세 다가오나…트럼프 ""14일에 답하겠다""",IT
"[르포] 이세돌 ""이젠 바둑 잘 만드는 사람의 시대""",IT
"""인앱 결제가 더 편해""…더 비싸도 인앱 결제 선호 75%",IT
"""애플, 인도 아이폰 생산량 60% 늘려⋯中 의존도 줄여""",IT
스마트폰·컴퓨터 관세 제외에 삼성·LG 안도.. 반도체는 변수,IT
"""시리야"" 부르면 나오는 AI... 아이폰 비서 만들기 [팩플]",IT
"한국 'AI 성적표' 나왔다…""주목할만한 모델 1개뿐""",IT
[단독] 갈 길 먼 '양자기술'…韓 특허건수 美의 9분의 1,IT
"아이폰16 AI 논란속…KT·LGU+, '네이버페이·중고폰 추가보상'",IT
"""각국 통화 기반 로컬 스테이블코인 다양하게 발행될 것""",IT
"트럼프 횡포에 긴장한 삼성·애플, 한숨 돌렸지만 여전히 고민",IT
[자막뉴스] 단순한 패치 아니다...땀 닿자 '몸 속 건강' 순식간에 확인,IT
"""750만원 뜯겼다"", 광고 보면 돈 받는 '꿀 알바'라더니...",IT
"""천정부지 아이폰값 막으려""…다급한 애플 향한 '이곳'",IT
"‘웹3 킬러앱’ 스테이블코인, 국내외 송금·결제 경쟁 촉발 [코인브리핑]",IT
상호관세 한숨 돌린 애플·삼성…생산지 조정 고심은 계속,IT
"애플, 인도 아이폰 생산량 60% 확대… ‘脫중국' 속도낸다",IT
[뉴스줌인] 한숨 돌린 IT업계…14일 반도체 관세에 촉각,IT
[기자수첩] 日 반도체처럼 신산업 파격 지원 고민해야,IT
"""스테이블코인 없인 글로벌 경제 고립""… 원화 기반 전략 시급",IT
김정호 KAIST 교수 “차세대 HBM은 시스템 반도체 역할 수행…생태계 확장에 대응해야”,IT
이통요금 한방에 조회…통신 마이데이터 이르면 다음달 윤곽,IT
"아이폰·갤럭시·그램, 미국 관세 폭탄 피했다…TV·세탁기·냉장고 빠져",IT
"美, 스마트폰 상호관세 부과 대상 제외…삼성전자 '안도'",IT
[ZD브리핑] 한화 3세 승계 괜찮나...과방위는 긴급 현안질의,IT
"영업익 급감한 SK텔링크, 주력사업도 경고등",IT
스마트폰 ‘관세예외’ 처분에 삼성·LG 주요 전자 계열사 안도 한숨,IT
"美 팝스타 케이티 페리 등 여성 6인, 14일 우주행",IT
비트코인 8만5천달러 돌파…알트코인 반등세 주목,IT
"안철수, 10대 대선 공약 발표…""과학자·경제인이 나라 이끌 시대""",IT
"[IT클로즈업] MS는 속도조절, 아마존·구글은 질주…‘AI 투자’ 기조 엇갈리는 이유",IT
삼성D의 中 BOE 美 법원 제소는 '공격형 방어' 전략,IT
‘그록3에 이어 라마4 성능 과장 논란’…말 많고 탈 많은 AI 벤치마크,IT
"""티니핑·카봇 미리 준비하세요""…쿠팡, 어린이날 장난감 48% 할인",IT
“광고 보고 돈 버세요”…부업·아르바이트 신종 사기 주의 요청,IT
"""엄마들 사이에선 사이버 오은영 선생님이에요""…'신종 육아법' 깜짝",IT
"""광고 보면 돈 준다"" 속여 수백만원 편취…사기에 속지 마세요",IT
'부업·알바' 하라는 신종 사기수법 조심해야,IT
"스펀지형 CNT 적용…화학연, 高성능·유연 열전 발전기 개발",IT
"최태원 회장, 세상을 바꿀 '메가 샌드박스' 제안",IT
‘팀미션 후 입금’ 수법으로 750만원 가로채…신종 SNS 사기 '주의보',IT
"방심위, ‘부업‧아르바이트 신종 사기’ 주의 요청",IT
“1만번 접어도 거뜬” 스펀지 같은 ‘탄소나노튜브’…고성능 웨어러블기기 만든다,IT
스펀지 같은 탄소나노튜브로 만든 열전 소재…성능 5.7배,IT
온도차 전기 생산 열전 발전기…스펀지처럼 만들다 [지금은 과학],IT
"[보안기업] 마크애니 ""IRM 대표기업으로 우뚝 설 것""",IT
[반차장보고서] 메모리 왕좌 차지한 SK하이닉스…中 CXMT 불량에 K-반도체 '반사이익' 장기화?,IT
젠슨황 옆 이 남자…16년의 실패 후 얻게 된 깨달음[정혜진의 라스트 컴퍼니],IT
지브리풍 인기에 챗GPT 이용자 한달 새 30% 증가…14%는 첫 결제,IT
"'출범 3년' 넥슨게임즈, 신작 투자로 글로벌 경쟁력↑...던파-듀랑고 계승작 준비",IT
"방송통신계도 파면 여파…유상임 ""남은 임기 최선""[뉴스잇(IT)쥬]",IT
"""디자인만 우리가"" 애플의 유구한 전략, 트럼프가 바꿔 놓을까(종합)",IT
"LG전자, 美서 냉각 기술 공개...“연내 AI 데이터센터 공급 목표”",IT
"메일나라, 호스트웨이IDC 정전 복구…IDC간 ‘데이터 동기화’ 추진",IT
"넥써쓰, 중국 이어 두바이까지… 글로벌 진출 본격화",IT
"[김나인의 테크티키타카] ""재난 상황 반려동물 `연결` 도와야죠""…통신사가 동물 특화 구호소 꾸린 이유",IT
삼성·하이닉스 운명 가를 반도체 관세…트럼프 “14일 구체적 답변한다”,IT
"“트럼프가 스테이블코인을?”… 이데일리 가상자산포럼, 뜨거운 관심",IT
"“日 메이코, 인도 아이폰 공장 겨냥 PCB 증설”",IT
1850만 방한 관광객 잡아라…모빌리티 업계 각축전,IT
이번 주 의대생 집단 유급 기로…내년 1학년 1만명 동시 수업 가능성도,IT
"LG전자, 올해 1분기 냉난방공조 사업 매출 3조원 돌파 전망",IT
롯데홈쇼핑 '롯쇼페' 2탄은 '김창옥쇼',IT
오픈AI 前직원들 “영리법인 전환 반대”…소송서 머스크 편들어,IT
"전공의 수련시간 단축 추진에…의학회 ""주 80시간 유지돼야""",IT
"박정원 두산 회장 ""밥캣만의 혁신 기술로 시장 선도해야""",IT
"가슴 쓸어내린 애플·닌텐도…美, 전자제품 관세폭탄 예외 적용",IT
"“아아 3잔이요” LG디스플레이, 로봇 배달 서비스 도입",IT
"아이돌 딥페이크 만든 텔레그램대화방 운영자 구속…하이브 ""무관용 강경 대응""",IT
"LG전자, AI 데이터센터 열 관리 사업 정조준…액체 냉각 신기술 공개",IT
"[100세건강] 퀴퀴한 '노인냄새' 원인은 '이것'…""수분 섭취 중요""",IT
"""챗GPT가 월 8000원, 싸게 쓰자""…3만원은 부담, '여기로' 우르르",IT
"다음·골프·모빌리티·엔터까지…매각설 끊이지 않는 카카오, 왜?",IT
"글로벌 이통사, 위성통신 투자 본격화",IT
"'승리요정' 김승연 회장, 한화 신구장 첫 방문",IT
"""AI 서비스 왜 안 낼까?"" 애플의 알 수 없는 속셈과 삼성 앞 변수들",IT
석유·화학 불황에 HD현대케미칼 실적 부진 장기화 우려,IT
"전공의 수련시간 단축 추진에…의학회 ""교육 부실 우려, 80시간 유지해야""",IT
의학회 수련교육이사 “전공의 주당 수련시간 80시간 유지돼야”,IT
[AI는 지금] 英·美 대학은 생각하는 AI 전환하는데…국내선 '제자리',IT
"삼성전자, 글로벌 랜드마크서 '비스포크 AI' 알린다",IT
예산 되살린 중증외상 수련전문의 사업…7명 모집에 2명만 지원,IT
"[박대리보고서] K-배터리, '상호 관세 90일 유예'도 부담…고심 깊어진 양극재",IT
"LGD, 국내 산업단지 최초 커피 로봇 배달 서비스 도입",IT
"LGU+, 산불 피해지역 반려동물 구호활동",IT
"삼성전자, 글로벌 랜드마크서 ‘비스포크 AI’ 옥외광고",IT
[영상]외계인 우주선 뜬 줄…스마트폰 전등 6000배 밝기로 쏜다,IT
재탕? 이제는 새롭게 재창조…이유있는 올드 IP 흥행 열풍,IT
[영상]골목 누비는 ‘로봇 택배 배달원’…올 여름부터 시범 운영,IT
“역시 아는 맛이 제맛”…유저들이 올드 IP를 선호하는 이유는?,IT
"""산불 피해 댕냥이 도왔다""…LG U+, 동물자유연대와 재난현장 반려동물 구호 강화",IT
"LG U+·동물자유연대, 재난 현장 반려동물 구호 강화",IT
너도나도 ‘지브리’…그 열풍에 빠진 당신에게,IT
"LG유플러스, 재난 속 반려동물 구호체계 강화한다",IT
클럽·축제 약물 범죄 막아줄 '마법 막대' 나온다,IT
'주목할만한 AI 모델 1개' 그친 한국…핵심원인은 인재부족,IT
"전화 걸면 독립운동가 일대기 나온다…통신3사, 광복 80주년 맞이 `V컬러링` 캠페인",IT
"트럼프 전자기기 관세 면제, 비트코인 8만5000달러 돌파",IT
"""어떻게 달라졌지?""…이통 3사, 봄맞이 멤버십 서비스 개편",IT
"SK하이닉스, 넥스틴에 HBM3E 검사장비 양산 발주…수율 확보 주력",IT
美 UC버클리 10명 중 1명 한국 토종 AI 검색 '라이너' 사용,IT
"""뭔가 달라졌다 했더니"" 카카오맵, 한달 만에 이용자 10% '껑충'",IT
"미국방송협회, TV 신호로 위치 추적 'BPS' 기술 소개",IT
"슬기로운 의사생활, 스핀오프 드라마로 돌아왔다 [콘슐랭]",IT
송금부터 택배까지 '올인원'…살림 합치는 중고 거래 플랫폼,IT
"""디자인만 우리가"" 애플의 유구한 전략, 트럼프가 바꿔 놓을까",IT
"관세 타격 크록스…직원들에 ""비용 철저히 관리하라"" 당부",IT
"""긴 여름 대비하자""…유통업계, 이른 여름 준비 돌입",IT
사용후핵연료 임시저장 5년뒤 포화…고준위방폐장 부지 선정 언제?,IT
우주서 사상 첫 ‘뼈 사진’ 촬영…‘무중력 질병’ 막을 수 있을까,IT
"감정과 상상력이 드나드는 ‘인체의 문’, 귀의 비밀",IT
더 똑똑해지는 가전…혼수가전 트렌드도 다변화,IT
"이통3사, 멤버십 혜택 강화⋯AI 추천부터 쿠폰 이벤트까지",IT
버추얼 시장도 사로잡을까…가상 세계에 뛰어드는 네이버,IT
"구글 AI 전설이 본 딥시크 쇼크 ""오픈소스의 힘"" [테크토크]",IT
"서울대, AI 패러다임 바꾼다…'생각하는 컴퓨터' 설계 사활 [강경주의 테크X]",IT
노쇼 걱정 없이 배달비 부담 줄어…포장주문 늘어날수록 수익 ↑,IT
'AI가 설계 척척'…테슬라·삼성전자·현대차가 반한 이 기업은? [김성태의 딥테크 트렌드],IT
"""가스레인지 삼발이 커버, 일산화탄소 중독 위험""",IT
"""체코, 우주기업 유럽 진출에 유리한 위치…공급망 협력 기대""",IT
안전성 확보 의무 AI모델 기준 10의26제곱 플롭스 이상으로,IT
"""구글이 들어오면 무너진다""…11조 공간정보산업 흔들릴 위기",IT
"680억 현금 있는데 시총 490억…""AI·금융시장 개척, 저평가 탈피""",IT
"美, 상호관세 부과 대상서 스마트폰·PC 제외",IT
"'3위' 마이크론의 반란…삼성·SK하이닉스, HBM 입지 '위협'",IT
젠슨 황은 왜 크래프톤을 휴머노이드 파트너로 점 찍었나,IT
"클라우드 양강 메가존·베스핀, '밑 빠진 독' 탈피할까…수익지표 청신호",IT
알파고를 따돌렸던 그 남자…AI 이길 수 있는 ‘사람의 한 수’ 물었더니,IT
"[명의를 찾아서] “4기 위암 환자들, 치료제 있어도 못 써…‘급여 사각지대’ 메워야”",IT
[비즈톡톡] 스타크래프트·디아블로 만든 회사 맞아?… 끝없이 추락하는 ‘블리자드’,IT
[비즈톡톡] 외산이 점령했던 가상 데스크톱 솔루션… 요즘은 국산이 대세라는데,IT
"관세 ‘핑퐁게임' 휘말린 테슬라, 새우등 신세",IT
7조 규모 클라우드 시장…성장 복병은 '보안' [클라우드+],IT
[뭔일easy] 누가 돈 달라는 소리를 내었는가…망 사용료 OTT vs ISP,IT
SKT 이어 KT도 엔비디아 '블랙웰' 도입 검토…AX 사업 기반 강화,IT
의대교수·봉직의·개원의·전공의 '의료개혁 대응' 머리 맞댄다,IT
우리 조상 발명품 지식재산 권리자는 누구?…우수 기술 특허심사로 역사 다시 쓴다,IT
"스마트폰·반도체, 美 상호관세 면제…삼성 수혜 전망",IT
콘솔 게임 구독료 인상에 신작은 10만원 시대... 커지는 게이머 지갑 부담,IT
"화웨이 두 번 접는 폰 '메이트XT', 글로벌서 2조원어치 팔렸다",IT
"‘나혼렙 SLC 2025’, 첫 글로벌 챔피언십 성료…e스포츠 가능성 입증",IT
당신의 인생 게임은?...90년대 풍미한 고전 게임들,IT
"“아빠가 했던 게임이야”…게임보이부터 다마고치까지, 넷마블 게임박물관 가보니",IT
대형 상어 졸졸 따라다니며 ‘호가호위’…지능 높은 역발상 물고기 [핵잼 사이언스],IT
“감기보다 무섭다” 광이 나던 피부가 퍽퍽…때마다 찾아오는 ‘환절기 노화’,IT
넷마블 ‘나혼렙’ 첫 글로벌 대회 ‘나혼렙:어라이즈 챔피언십’ 성료,IT
"지중해식 식단 따른 것 ""실수""…장수에 좋은 식단 따로 있었다",IT
20년 전 삼성전자가 만든 '아름다운' 폰 [더스쿠픽 쇼츠],IT
"“100원짜리 120원에 판다, 이게 된다고?” 삼성도 제치더니…구글 ‘갑질’ 이 정도",IT
"통신3사, 1분기 예상실적 ‘청신호’...“비용절감 효과 본격 가시화”",IT
지브리풍 열풍 타고…챗GPT 유료 사용자 1년 새 5배 증가,IT
"'서민금융 잇다' 앱인 줄 알았는데…국정원, 위장 악성 앱 차단",IT
"남철우 ""IT 감사, 경쟁력 높이고 시간과 비용 절감 꼭 필요""",IT
中반도체협 “웨이퍼 제조국이 원산지”…자국 파운드리 업계 장려 차원 분석,IT
미중 ‘관세 전쟁’ 중… 中반도체협 “웨이퍼 제조국이 원산지”,IT
"네이버페이 ""코레일서 2만원이상 결제시 4천 포인트 드려요""",IT
"""혼자 살면 결혼한 사람보다 치매 위험 낮아""…기존 연구 뒤집혔다",IT
"홈앤쇼핑, 레이저 뷰티 디바이스 ’퓨라셀미‘ 판매 방송",IT
"블루 아카이브, 3.5주년에 확 달라진다…PC 버전부터 풀 더빙까지",IT
"""교사 폭행 있을 수 없어""…고동진 의원, 교권확립 교사폭행가중처벌법 발의",IT
"""이게 왜 볼이야"" 투수, 심판을 폭행하다 [AI오답노트]",IT
"넥써쓰, 중국 이어 두바이까지…해외 진출 본격화",IT
"[날씨쏙과학쏙] 소행성 2024 YR4, 지구 아닌 달에 7년 뒤 충돌?",IT
"""우울할 때 볼 영화 없을까""...넷플릭스, 오픈AI 기반 검색 기능 내놓는다",IT
"SEC-바이낸스, 소송 일정 추가 연기 요청...""건설적 논의 필요""",IT
"美 SEC 의장 대행 ""블록체인 혁신 위한 유예적 규제 완화 필요""",IT
애플이 AI 혁신에 실패한 이유는 내부에?,IT
"넥슨 '메이플스토리', 대학 캠퍼스에 커피 쏜다",IT
"“대통령 탓하기만도 뭐하네”...눈물 흘리는 빅테크들, 바겐세일인가 거품해소인가 [더테크웨이브]",IT
"오픈AI, 새 모델 GPT 4.1 공개 예정",IT
"中, 달 토양으로 3D프린팅 벽돌 만든다 [우주로 간다]",IT
"넷플릭스, 계정 공유 금지해도 소비자 충성도 높였다",IT
"아이폰 426만원 vs 갤럭시 207만원…트럼프 관세, 계산기 두드려보니",IT
처음으로 '진짜 문제' 푼 양자컴퓨터…매듭이론 계산 성공,IT
내년에 맥북 프로 대변신?....어떻게 바뀔까,IT
위믹스 생태계 구축으로 국내 블록체인 시장 선도한 위메이드,IT
"""국가안보에 심각한 위협"" 주요 보안당국이 경고한 '패스트 플럭스'란?",IT
"[취재수첩] '안방 호랑이' 삼성, 일본서 확인한 현실은 냉혹",IT
취향 저격 뷰티 놀이터…지그재그 '직잭뷰티' 팝업 가보니,IT
[게임위드인] 게임업계가 유독 '출시 0.5주년'을 기념하는 이유는,IT
"연기됐던 AI 시리, 올가을 출시 가능성↑",IT
AI챗봇과 역할 놀이?…성적 대화 유출,IT
"日 지방은행, 디지털·인구 감소에 합병 추세",IT
"'유예'에 투심 반짝…쓰리빌리언, 프레스티지 10%↑[바이오맥짚기]",IT
[위클리 스마트] 소비자는 AI 스마트폰에 추가금을 내고 싶지 않다,IT
"머스크, NASA 예산 삭감 비판…DOGE 책임자 물러나나",IT
비서 '시리' 앞에서 우왕좌왕: 혁신 아이콘 애플의 굴욕 [IT+],IT
"술자리 면접 논란까지…백종원 더본코리아, 고용부 조사 받는다",IT
여의도 애플스토어 같은 건물에 샤오미 매장 생긴다…韓 고급화 전략 통할까,IT
벚꽃 엔딩 어디서 봐? 다 알려주는 이 앱[잇:써봐],IT
AI 개발에 양자컴 쓴다는 중국…거세지는 양자굴기 [김윤수의 퀀텀점프],IT
"스마일게이트, 스팀 '스마일게이트 스프링 세일' 마련",IT
'구글 클라우드 넥스트' 폐막…AI 인프라 도약 선언한 구글,IT
마비노기 모바일 그 시절 느낌 수려하게 담았지만 최적화는 시급,IT
"""정보보안? 그게 왜 중요해?""... 해킹·정보유출 잇따른 이유 있었다",IT
‘닌텐도 스위치2’ 전용 인기 타이틀 ‘美 관세게임’…베트남산 ‘부랴부랴’,IT
"[AI 에이전트③] ""미래 시장 선점"" 네이버·삼성·SK·LG 등 가세",IT
中 반도체 원산지 규정 수정해 美 반격…TSMC 선긋기·국내 파장은? [소부장반차장],IT
"[1분건강] 파킨슨병, 조기 발견·치료로 진행 늦출 수 있어",IT
1년새 4배 큰 반값택배...옥의 티 ‘느린 배송’ 바꾼다,IT
[AI 에이전트②] 의사·개발자·연구원 등 전문가 역할할 듯…빅테크 열전,IT
"[1분건강] 알레르기, 제대로 알아야 관리 가능합니다",IT
"카카오엔터테인먼트 어떻게⋯카카오 ""회사 주주와 다양한 방안 검토""",IT
[사이언스영상] 바닥에 튀는 소변 95% 줄이는 변기,IT
범죄 현장 증거 찾는 과학수사 모의 현장 가보니,IT
"AI시대 비용 많이 드는 데이터센터, 우주에 구축",IT
엔씨·넷마블·넥슨 '톱3' 자존심 살린 '모바일 MMORPG'...하반기 경쟁 더 치열,IT
[이지 사이언스] '팝업 성지' 성수동 한복판에 과학기술이?,IT
미중 투톱 강화·한국 제자리걸음…대선 공약 필수된 AI 경쟁력,IT
[AI 에이전트 ①] 젠슨황이 예견한 미래…AI비서 넘어 AI 매니저 둘까,IT
"'천재 개발자' 제프 딘 ""추론 AI 모델, 작고 빠르게 만들어야""",IT
"22돌 맞은 메이플 스토리, 전국 캠퍼스 찾아간다 [오늘의 게임 업데이트]",IT
[단독] 카카오 핵심 비상장 자회사 실적 개선…흑자 전환·영업익 140% 증가,IT
"""이걸로 장사를 한다고?""...번개장터, 당근까지 난리난 상황",IT
3돌 맞은 넥슨게임즈…장르·플랫폼 다각화하며 글로벌 도약,IT
"""AI에 저항? 소용없다, 배워라""…'인터넷 아버지' 서프의 조언",IT
대통령 탄핵 이후 급변한 의료정책 기류…정부-의협 대화 본격화,IT
세금 1조원 들어간 한국 지도 데이터…구글에 넘어갈 판,IT
"AI기업과 언론, '악마와의 계약' 되지 않으려면",IT
"'이대로 상폐는 안 돼'… 절체절명 위믹스, 돌파구는",IT
[인터뷰] 사무엘 장 HP 컨슈머 PC 사업 총괄 사장 “AI PC 시대엔 키보드 대신 음성·제스처로 소통”,IT
[우주산업 리포트] 뱅가드 1호 지구 귀환하나…67년 된 세계 최장수 위성,IT
"""반려견, 주변 야생동물·생태계에 심각한 위협 될 수 있어""",IT
"""50년 된 게임기 보러올래?"" 구로 터줏대감, 넷마블 [왓츠인마이오피스]",IT
천문학계 골드러시 시작?…유클리드 첫 과학 데이터 꾸러미 공개[코스모스토리],IT
성수동에 과학 놀이터가 떴다...'과학의 달' 팝업 행사,IT
中에 관세 145% 때리자… 美온라인 업체 “가격 25% 올립니다”,IT
직무대행 노태문의 일성 “민첩한 조직을 만들어야”,IT
카카오엔터 기업 공개 어렵자 결국 매각으로 선회,IT
'주체적 AI'와 로봇의 만남…사회·기업 대변환 이끈다,IT
상폐 위기 처한 위믹스...김석환 대표 “최선 다해 소명 노력”,IT
강단에 선 이세돌…대학도 AI 활용 사활,IT
"AI검색 시대, 언론사 웹사이트 접속 급감한다?",IT
과학기술계 “이제는 R&D 정상화 필요”,IT
도로 위 마라톤 뛰는 선수에 '경악'…'중국 정말 무섭네' [영상],IT
"“이러다 큰일 난다” SNS 유행이라고 1억명 ‘우르르’…끔찍한 나비효과 [지구, 뭐래?]",IT
"""돈 주고 만든 내 지브리 프사 어때?""…챗GPT 유료사용자 5배 급증",IT
"출범 3년간 성장 입지 다진 넥슨게임즈, 신작 투자로 글로벌 도약 노린다",IT
"11비트 스튜디오, 미스터리 SF 어드벤처 ‘디 얼터스’ 6월 13일 출시",IT
"라인게임즈, 신작 타이틀 ‘엠버 앤 블레이드’ 최초 공개",IT
32년만에 ‘1등’ 바뀌었다...반도체 왕국 삼성마저 제친 이 기업은 어디,IT
"구글, 본사로 '240만 유튜버' 빠니보틀 부른 이유가…'파격'",IT
"현대엘리베이터, '전력회생형 인버터' 녹색기 인증",IT
"[생성 AI 길라잡이] 해커인 척 LLM 취약점 찾아낸다, AI 레드팀",IT
"[리뷰] 눈까지 즐거운 야외용 블루투스 스피커, 브리츠 BZ-MG9",IT
[KESIA 프리팁스] 바이브에이아이 “SaaS 기반 개인화 AI 서비스로 글로벌 공략”,IT
"홈플러스, 600억 DIP 대출…고금리·기존 채권 외면 비판 나와",IT
"“어머니 산소 한 번 못 가봤는데, 가슴 뭉클”…이노베이트코리아가 남긴 ‘희망’ 메시지",IT
[르포] 아인슈타인은 INTP…성수동에 뜬 사이언스 팝업,IT
"구글, 지난해 한국서 6328억원 벌었다…법인세 약 240억",IT
완치율 세 배 높인 세포신약…국내 대학병원서도 나온다,IT
[민원제로] 1. “제가 그 유명한 진상 민원인입니다만…!”,IT
"SM엔터 주가조작 공방...검찰 ""펀드가 가격 왜곡"", 피고측 ""시세대로 주문""",IT
"이제 병원서 '꿈의 항암제' 제조…K의료, 세포치료로 글로벌 공략",IT
"[위메이드 리스타트]""블록체인 사업, 의지 굳건""",IT
'직무대행' 첫 메시지 낸 노태문 삼성전자 사장…'원 삼성' 정신 강조,IT
"닌텐도·소니, 美 관세 인상에 콘솔 가격 ‘인상 검토’",IT
"MS, AI 인프라 확장 ‘속도 조절’…오하이오 데이터센터 구축 일부 중단",IT
오스코텍 자회사 제노스코…거래소 상장 미승인,IT
"넥슨 ‘카잔’, 이용자 도전 횟수만 5400만회 이상…고난도 액션 ‘인기’",IT
"[동물do감] 뱀독 독성, 기후마다 다르다",IT
"중성미자 질량, 수사망 좁혔다…""전자 질량 100만분의 1도 안돼""",IT
"""AI 속도 따라잡을 '새로운 몸'…창의적 컴퓨터가 미래 가른다""",IT
"""상폐위기 위믹스, 끝까지 지켜내겠다""…의지 밝힌 김석환 대표",IT
"바둑천재의 훈수 …""많이 져봐야 이기죠""",IT
"""韓 글로벌 경쟁력 갖추려면 교원·인프라 확충 시급""",IT
하드디스크 시대 종말 예측…K반도체 성장 초석 세운 거인,IT
“챗GPT 3.5 대비 파라미터 수 40분의 1″… 가성비 AI 모델 뜬다,IT
"에코프로 ""중저가 양극재 ‘삼원계·LFP’ 기술력 모두 확보""",IT
"美 상호관세 유예로 시간 번 삼성 스마트폰... “‘엣지·폴더블폰’ 출시 전 공급망 조정은 한계""",IT
"끝내 사과없는 尹, 탄핵 일주일만에 관저 퇴거",IT
"쇼핑도 AI와 대화하듯…아이투맥스·세일즈포스, 대화형 커머스 시대 선언",IT
"이상목 ""美·中 패권전쟁서 뿌리산업의 살 길은 AX""",IT
"LG화학·삼성ENG 도입한 아스펜테크, 산업용 AI 미래 전략 제시",IT
씨너렉스 “확장성 뛰어난 ‘초정밀 위성항법 장치’로 자율주행 시대 맞이할 것”,IT
"뇌 세포에 투명 망토, 파킨슨병 완화했다",IT
"[DD퇴근길] 점유율 높인 '쿠팡이츠서비스', 영업이익률이 1.1% 라고?",IT
"“스테이블코인, 글로벌 결제의 미래… 규제샌드박스로 실험하자”",IT
"미래에셋 ""미용·디지털헬스·영상진단 역대 최대 실적 그러나…""",IT
"“무역은 ‘달러 스테이블코인’으로, 국내 거래는 ‘원화 스테이블코인’으로""",IT
"""위메이드, 블록체인 사업 의지 확고""…위믹스 상장 폐지 막으려 '총력'",IT
"갤럭시S26 울트라, 화면 아래 전면 카메라 달까 말까?",IT
"""USD1은 스테이블코인의 진화형"" 마이크 벨시, 디지털 금융 시대 열려",IT
"""김범수 센터장, 수술 후 회복해야 하는 상황...5월 재판부터 성실히 임할 것""",IT
"경찰, 딥페이크 범죄자 검거…하이브 ""안봐줘""",IT
"넥슨게임즈 출범 3년 ""글로벌 게임 개발사로 도약 목표""",IT
"""너도나도 '지브리 프사' 하더니""…챗GPT, 유료사용자 5.2배 급증",IT
상폐 위기 처한 위믹스...김석환 대표 “최선 다해 소명 노력”,IT
"이재명 욕설 딥페이크 영상 제보에…""모든 법적 수단 동원"" 경고",IT
"[인터뷰] ""클라우드·AI 시대, 보안 우려 커진다"" 넷스코프가 제시한 SASE 전략은",IT
아파트 동까지 보이네···인스타그램 ‘친구 지도’ 기능 추가에 시끌,IT
"""AI 쏠림 속 상용SW도 살펴야""…SW업계, 정책 지원 강화 '한 목소리'",IT
"우리나라 국민, 앱 결제에 한 달 1만3300원 썼다",IT
"우본 DaaS 사업, 네이버서 NHN으로 넘어가나",IT
위믹스는 닥사를 설득할 수 있을까… '상폐 위기' 속 소명 노력 최선,IT
"1만원대 5G 요금제 뜬다…KB국민은행 ""우리도 추가요""",IT
"""애플, 관세 피하려 전세기로 인도서 아이폰 150만대 공수해""",IT
"KISTI 박경석 박사 ""AI모델 붕괴, 각자 대응 외 답 없나…AI 망치는 건 AI 자신""",IT
'크리덴셜 스터핑'…단순하지만 '대기업도 털린다',IT
‘상폐 위기’ 위믹스 김석환 “블록체인 사업 의지 흔들림 없다”,IT
"민병덕 의원 ""올해 '디지털자산 기본법' 국회 통과 노력""",IT
[이슈진단+] 보안 상장사 실적 보니…10곳 중 7곳 '뒷걸음',IT
"공공 최대 DaaS 우본 사업, 네이버 떠나 NHN클라우드 품으로…발주 점검 필요",IT
"""새벽에 잠 깨는 몇 안 되는 날""…샘 올트먼이 자랑스러워한 챗GPT 새 기능",IT
"코웨이, 쿠쿠홈시스에 얼음정수기 판매금지 소송 … “디자인 침해”",IT
"니어프로토콜 CEO ""한국은 AI 블루오션, K-엔터 글로벌화 기대""",IT
"AI에 이겼던 '전설' 이세돌, UNIST 강단 섰다…""인간 살아남을 방법은""",IT
"알파고에 유일한 승리 이세돌 ""AI는 고정관념이 없어 창의적""",IT
지브리 프사 뽑으려다 유료 결제… 벌써 5배 늘었다,IT
"알파고 이긴 이세돌 ""틀 벗은 알파고처럼…창의적 인재양성이 우선""",IT
"고환율부터 한한령 해제 기대감도… 미투온그룹, 주목받는 이유",IT
교육·복지·의협 3자 대화 '물꼬'…전공의·의대생 앉을 수도(종합),IT
"""끝까지 생존"" 위믹스 재단 대표 진심 '닥사'에 닿을까",IT
이세돌 “바둑 잘 두는 사람보다 바둑 만들 사람 필요”,IT
"강단 선 이세돌 ""AI가 인간 약점 '고정관념' 깰 수 있어""",IT
"챗GPT 답이 왜 이래?…한국인은 재질문, 미국은… [고은이의 스타트업 데이터]",IT
"대만서 발견된 턱 뼈 화석, 데니소바인으로 확인",IT
"넥슨, ‘마모·카잔’ 동반 흥행… IP 확장 ‘종횡무진’",IT
"중국반도체산업협회 ""웨이퍼 생산국가가 원산지"" 긴급 공지",IT
"""IT 수요 더 죽으면 안된다""...美 관세에도 '버티기 돌입' 디스플레이 업계 [소부장디과장]",IT
"삼성전자, P4 라인 하이브리드 구성 추진…D램·파운드리 복합 구성 검토 [소부장반차장]",IT
"""사업 의지 변함없다"" 호소 또 호소…상폐 위기 '위믹스' 구할까",IT
"“너무 흥분돼 새벽에 깨는 날, 바로 오늘”...모든 대화내용 기억하게 됐다는 챗GPT",IT
"'상폐 위기' 위믹스 ""DAXA에 최선 다해 소명 노력""",IT
'노화' 급격히 빨라지는 분기점 44세·60세..현직 약사의 '저속노화' 실천법,IT
음성 대화로 장바구니 '뚝딱'…라스베이거스 달군 'AI 에이전트',IT
"""트럼프 정책 때문?""…MS, 데이터센터 계획 추가 조정",IT
대만서 발견된 미스터리한 인간 화석은 데니소바인,IT
서울과기대 “재개발 없이 클라우드 네이티브 전환”…‘예산의 벽’ 넘은 성공비결,IT
"""너흰 못 보는데 왜""…中 휩쓴 '폭싹 속았수다' 김선호 챌린지",IT
당신과의 모든 대화를 기억하는 챗GPT···“보다 개인화된 서비스 가능해져”,IT
"김석환 위믹스 PTE 대표 ""재단-위메이드 블록체인 사업 의지 흔들림 없어""",IT
"김석환 위믹스 대표 ""블록체인 사업에 굳건한 의지…우리의 핵심 동력""",IT
샘 올트먼 이어 엔비디아 젠슨 황까지 만났다...크래프톤 광폭 행보,IT
'삼박자' 맞아떨어지자 KT 주가에서 벌어진 일 [시크한 분석],IT
"[AI는 지금] ""딥마인드만으론 부족해""…英 정부, 韓과 'AI 전략동맹' 모색",IT
"'설상가상' 애플, 加에서도 'AI 허위광고' 피소…韓도 공정위 조사",IT
"""1분짜리 AI 영상도 가능?""…엔비디아 TTT로 만든 ‘톰과 제리’",IT
"""내 가게 어디가 좋을까""…발품 팔지 않아도 구글이 '뚝딱'",IT
"LG디스플레이, 광저우 LCD 매각대금 2.2조 확정",IT
"[팩플] 태국음식 좋아하는 취향 기억해 답변…챗GPT, 눈치 더 빨라진다",IT
메타 매출의 77% AI 투자할 때… 카카오는 3.6%,IT
"유유제약, 20억원 규모 자사주 취득",IT
"챗GPT, 더 똑똑해졌다…과거 대화 기억해 맞춤형 답변 제공",IT
"'인터넷의 아버지' 서프 ""공개된 AI 모델, 강력한 결과 만들 것""",IT
저궤도 위성 전쟁 격화…한국 전략은 '지상망·특화 서비스',IT
"[로그인테크]인스타그램, 韓서 '친구 지도' 서비스 시작",IT
"시리 출시 미룬 애플, 미·캐나다서 집단소송 당해",IT
“구글 망이용료 2000억” 무임승차 재점화,IT
첨단 로봇에 환호성…재미·감동 다 잡았다 [헤럴드 이노베이트 코리아 2025],IT
"“기술+아이디어 준비됐다, 더 큰 시장 욕심 나” [헤럴드 이노베이트 코리아 2025]",IT
“기술 전쟁에서 기회를 만드는 건 인간” [헤럴드 이노베이트 코리아 2025],IT
“미쳐서 끝을 볼 때까지…함께 전세계 시장을 두들겨봅시다” [헤럴드 이노베이트 코리아 2025],IT
새벽부터 길게 늘어선 구름인파…일본·중국에서까지 찾아왔다 [헤럴드 이노베이트 코리아 2025],IT
앱 개발자 70.4% “인앱결제 가장 큰 문제는 과도한 수수료”,IT
챗GPT 다음은 '이것'?…구글 멀티모달 AI가 바꿀 로보틱스 혁명,IT
“D램도 삼성 제쳤다더니”...SK하이닉스 반도체 매출 글로벌 4위 등극,IT
"애플, 미국 관세 피하기 위해 전세기 동원 아이폰 150만대 공수",IT
"애플, 전세기까지 띄웠다…'아이폰 150만대' 인도서 긴급 공수",IT
'쿠팡 대항마' 네이버플러스 스토어…출시 한 달 300만 고객 모았다,IT
"제품 70%가 중국산... 아마존 판매자들, 미중 무역전쟁에 ‘공황’",IT
"엔비디아, 인텔·삼성 제치고 반도체 매출 1위 올라",IT
"SK하이닉스, 인텔 낸드 인수 완료에도 '제2공장' 투자 장고",IT
"""인앱결제 가장 큰 문제 과도한 수수료""…수수료 비중 최대 26%",IT
"'승리의 여신: 니케', 中 진출 임박… 시프트업 실적 성장 기대↑",IT
"엔비디아, 글로벌 반도체 매출 첫 1위…삼성전자 2위·SK하이닉스 4위",IT
관세전쟁 광풍 속 대만에 생산 맡긴 삼천당제약 ‘약세’[바이오맥짚기],IT
"""며칠 전 태국 음식 어떠셨나요?""…챗GPT, 과거 대화 자동 기억해 답변한다",IT
스테이블 코인 가능할까…국내 은행도 테스트 '잰걸음',IT
"""비싸다고 엄빠가 안 사줄라""…10대들 요즘 난리 난 이유",IT
"""오로라가 춤추네""…ISS서 본 '오로라' 진풍경 [우주서 본 지구]",IT
빛 쓰는 '광컴퓨터' 빛 볼까…속도 100배 향상 '광소자' 개발,IT
국내 앱마켓 거래 규모 8조…거래 수수료 최대 26% 떼갔다,IT
"엔비디아, 삼성전자 제치고 글로벌 반도체 1위…SK하이닉스 4위",IT
"네이버페이 대출비교 서비스, 케이뱅크 앱에서 바로 이용하세요",IT
[날씨] 기온 올라 미세먼지 '나쁨'‥주말 날씨 급변,IT
"개발자 10명 중 7명 ""인앱결제 수수료 과도""…애플 앱 심사지연도 도마",IT
언제적 아날로그? AI 도입 사활 건 日 공략하는 토종 스타트업들,IT
"개발자들 ""내가 만든 앱, 구글·애플이 거부…이유도 몰라""",IT
뇌 1㎣에 5억개 시냅스…‘불가능’의 뇌 지도 나왔다,IT
"‘원UI 8 탑재’ 갤럭시S25 포착…삼성, 원UI 8 개발 속도 내나",IT
"LG디스플레이, 中 광저우 공장 매각대금 2.2조원 확정",IT
“누가 보면 잡주인 줄 알겠네”…테슬라 ‘롤러코스터’ 5%↓22%↑7%↓,IT
투자 혹한기 맞은 AI신약개발 바이오텍들...AI헬스케어로 성공하려면,IT
"미국서 아이폰 만들면…""생산비용 90% 증가""",IT
"트럼프의 '오락가락' 정책'…노벨상, 명문대도 예외 없었다 [지금은 기후위기]",IT
"AI 쇼핑앱 ‘네이트’ 창업자, 투자자 사기 혐의로 기소",IT
美 관세 압박에 손잡은 EU·中…전기차 관세 협상 재개,IT
AI로 생기 되찾은 '도로시'에 관객들 전율…영상산업 미래는,IT
GPT-4.5 '튜링 테스트' 통과…정말 사람과 똑 같을까,IT
"LG CNS, AI·클라우드 훈풍에 실적 기대감...""주가 저평가...성장 가능성 충분""",IT
"주사NO·콜드체인NO…라파스, ‘붙이는 약’으로 게임체인저 노린다[편즉생 난즉사]①",IT
"[현장] ""크롬·엣지 비켜""…오페라, AI 달고 웹 브라우저 시장서 존재감 '업'",IT
"'TLJ'는 뭐고 '라뜰리에'는 뭐지?...뚜레쥬르, 고급화 전략 ""헷갈리네""",IT
[강민성의 헬스토리] 약 먹는 시간 깜빡 놓쳤다면?,IT
"""인구절벽 韓…테슬라 '피지컬 AI' 따라잡아야""",IT
"""현지화 전략 통했다""…LS일렉, 360억원 규모 日 ESS 사업 수주",IT
"""휴머노이드 패권경쟁 심화…글로벌 표준 선도해야""",IT
[사이언스카페] 아버지가 치매 걸리면 딸도 위험하다,IT
"""잠깐 쉴까""...Z세대 '마이크로 은퇴‘ 시도하고파",IT
"'휴대폰 한달 요금 100원' 가성비에…너도나도 ""갈아탑니다""",IT
"""아이가 잘 먹어요""…컬리 '7일향미' 무모한 도전 이유",IT
별이 행성을 삼킬 때…[지금은 우주],IT
뉴욕증시 하루만에 급락...비트코인도 8만 달러 밑으로,IT
"[사이테크+] ""대만서 발견된 호미닌 턱뼈 주인공은 데니소바인 남성""",IT
초등생 장래희망 1위 등극했는데…살인·마약·명예훼손 연이은 범죄,IT
"[IT썰] 알트먼vs머스크 '전쟁 격화'…오픈AI ""악의적 행위 중단"" 소송",IT
"애플 폴더블폰 출시, 접히는 아이패드도 함께 나오나 [모닝폰]",IT
"노인연령 높이면 소득공백·청년고용 축소 우려…""범부처 해법을""",IT
PC·콘솔로 '성공 방정식' 쓰는 게임사들,IT
"""'AI 시대 킹메이커' LG CNS, 주가 6.7만원은 돼야""",IT
LGU+ 온라인 요금제 '너겟' 선불→후불로 개편,IT
"케이블TV 사업자들, 유료 방송 침체에 신사업 발굴 ‘안간힘’",IT
"족적 없이 사라진 ‘크리스 뱅글’… 삼성전자, ‘외국인’ 수혈 이번엔 성공할까",IT
[비즈톡톡] 골프·엔터·모빌리티 자회사 매각설 휩싸인 카카오… “제2의 홈플러스 되나” 직원들은 사모펀드에 팔릴까 불안,IT
트럼프 관세에 '중국만 예외'…삼성·구글 피하고 애플은 맞았다,IT
韓 초통령 등극한 '로블록스' VS 영화 개봉 '마인크래프트',IT
"""쇄신이 다 파는 건가"" 군살 빼는 카카오…강대강 치닫는 내홍",IT
세계 홀린 ‘K게임’ 신작… 크래프톤·넥슨·위메이드 웃었다,IT
"젠슨황도 무릎 꿇렸다…""치매도 고친다"" 양자컴의 진격",IT
포유류 뇌 1㎣ ‘뇌세포 지도’… AI-알츠하이머 연구에 열쇠,IT
쥐 시각 피질 고해상도 ‘신경회로도’ 완성… 뇌 미스터리 풀리나,IT
“뭔가 해내겠다는 중국 학생들 눈빛… 30년前 우리 떠올라”,IT
사람처럼 사고하는 AI 시대…구글도 추론용 AI칩 내놨다,IT
“넌 쓸데없는 말이 너무 많아”…딱 필요한 말만 하는 AI모델 뜬다는데,IT
"비싸게 주고 샀는데…'매각설' 카카오엔터, 자회사에 발목",IT
AI는 왜 아직 '딸기 한 입'조차 제대로 못 먹일까,IT
구글 지도에선 상상도 못했다…토종앱 '숨 막히는 디테일',IT
"편의점·다이소서 만나는 건기식…제약사, 판로 확대로 돌파구",IT
'500만원짜리 아이폰? 글쎄'…갤럭시 '절호의 기회' 왔나,IT
"MBK, '홈플 구제책' 국회 요구 시한 넘겨…""차입매수 규제 필요""",IT
"[현장] 트럼프 '비관세 장벽'에 맞선 국회·학계 ""망 무임승차는 공유지의 비극 불러와""",IT
"국내 첫 생성AI 의료기기 눈앞…숨빗AI, 임상계획 식약처 승인",IT
LG헬로비전 이탈은 신호탄?…대형 알뜰폰의 '협회 무용론' 확산하나,IT
대만 TSMC 찾은 최태원... 불확실성 속 반도체 협력 강도 높인다,IT
대형수주 늘고 고환율 수혜… 삼성바이오 실적 경신 이어간다,IT
"매각설 선 그은 카카오엔터 ""재무 투자자 교체가 와전""(종합)",IT
대학병원 의사 35% 줄고 동네 병원은 늘었다…의정갈등 1년만,IT
갤럭시 '관세 유예' 반사이익 기대… 90% 中 생산 아이폰은 가격인상 불가피[관세전쟁],IT
"美 '아르테미스' 힘 잃을까…""달 군사적 가치 높아 소홀히 하기 어려울 것""",IT
"""법리적 검토 받겠다"" 카카오페이, 정보유출 과징금에 행정소송",IT
해외 빅테크 '망 무임승차' 도넘은 버티기… 韓고객만 덤터기,IT
"[단독] ""가족돌봄휴가, 이제 증빙하라"" 카카오 통보에 직원들 반발",IT
'세계 최초' 내세우려다…'최민식' 얼굴에 워터마크 찍힐 판,IT
"""수강·시험 도와줄게""…AI 격전지 '대학 시장'",IT
'세계 최초' 집착하는 정부…성급한 AI 규제 우려 키운다,IT
"카카오 ""엔터 매각 확정 아냐""…'다음 분사' 잔류여부 조사 중",IT
민관 손잡고 K휴머노이드에 1조 투자,IT
자동차 보험 비교 2.0 써보니··· ‘실결제 가격 오차범위 내로 줄어’,IT
"""재무적 투자자 교체가 와전"" 매각설 선 그은 카카오엔터",IT
"""가짜 인수 시도 멈춰라""… 올트먼, 머스크에 맞소송",IT
비싸고 느린 LLM 비켜 … 가성비 AI 인기,IT
"[정보보안 수출 점검]②SK쉴더스, 해외 매출 '40% 성장' 어떻게 일궜나",IT
“입영대기는 평등권 침해” 사직 전공의 헌법소원,IT
"이병태 카이스트 교수, '홍준표 캠프' 경제 책사로 합류",IT
'지브리 프사'로 도배된 SNS…연내 'AI앱 1만개 시대' 열린다,IT
'백신 제조 수십배 빠르게' 국가 바이오파운드리 본궤도,IT
"중국, 휴머노이드 로봇 경쟁서 미국 이길까",IT
‘세상’을 바꾼 4인방 “기술 전쟁에서 기회를 만드는 건 인간”,IT
"""벚꽃 구경 서두르세요…12~13일 전국 강풍 동반 비""",IT
토종 클라우드 3사 지난해 실적 '희비교차'…빅테크 공공 진출 대응이 관건,IT
틱톡으로 정보 찾는 MZ세대… 구글·네이버도 AI 검색으로 맞불,IT
"""비용은 줄이고 AI로 번다""⋯이통3사 1분기 영업익 1.5조 돌파 전망",IT
"오픈AI, 머스크에 맞소송…“악의적 전술 멈춰달라”",IT
넥슨 그룹 작년 연결 매출 5조원 육박…영업익은 5.4% 감소,IT
길어지는 양극재 부진…1Q '바닥론' 증명 시험대로 [소부장박대리],IT
[DD퇴근길] 故 오요안나 긴급 현안질의 갖는다…MBC 국회로,IT
대만 찾은 최태원…TSMC 만나 HBM 등 AI 반도체 협력 논의,IT
"""사직 전공의, 군 입대 5~6년 기다릴수도""…의협 헌법소원(종합)",IT
"네이버, 日빈티지시티 접었다…글로벌 커머스 도전은 '계속'",IT
"앤트로픽, 월 200달러 AI 챗봇 요금제 출시… 수익화 시동",IT
'매각 추진' 카카오엔터테인먼트 공동대표 내부 동요 진화,IT
"[AI 리서치뷰] ""생각조차 외주를 맡기는 시대""... 학생이 위험하다",IT
[IR52 장영실상] 한번 충전에 700㎞ 주행 … 삼성SDI 배터리기술 대통령상 받아,IT
"의사단체 ""젊은의사 수년간 입영 기다리게 만든 것은 기본권 침해""",IT
가성비 벗는다...쿠팡이 그리는 '프리미엄 시장' 통할까,IT
"""트럼프 관세, 닉슨 모델과 유사…맞춤형 협상전략 짜야""",IT
"LG CNS, 클라우드·AI 앞세워 도약…증권가 '주가 41% 상승 기대'",IT
"""얼굴인식해 간편한 신분 확인""…메사쿠어컴퍼니, 모바일 주민등록증 사업에 기술 공급",IT
"[AI는 지금] ""양보다 질이다""…AI 기업들, 정제 데이터 '버티컬 모델' 베팅",IT
‘AI 만난 뮤직비디오’…지드래곤 ‘엔터테크’ 새 지평,IT
100년간 못 푼 물리학 난제 포스텍 연구팀이 해결해내,IT
"디지털 전환 vs 개인정보 침해, 한은 CBDC 갑론을박",IT
“AI 절도를 중단하라”… 콘텐츠 무단 학습에 칼 빼든 미디어 기업들,IT
"앞과 뒤가 다른 ‘반전’ 달, 뒷면이 앞면보다 이것이 다르다는데…",IT
"완제PC 1분기 출하량, 상호관세 우려에 '반짝 성장'",IT
'관세 유예' 한숨 돌렸지만…오락가락 트럼프에 삼성·애플 온도차,IT
듣는 IP 시대…네오위즈 'P의 거짓: 서곡' 기대감 솔솔,IT
"구글, 유튜브 등 10조 넘게 벌고 망 사용료 '0원'…""망 품질 저하 우려""",IT
정부·이통사 등 '스팸과의 전쟁' 성과…스팸 건수 30% '뚝',IT
"160만명 정보 털리고 포인트 도난…개인정보위, 클래스유·KT알파에 과징금",IT
뜨거운 선박 용접용 협동로봇…한화로보틱스도 '참전',IT
"“기술+아이디어 준비됐다, 더 큰 시장 욕심 나”…‘엔터 거장’의 끝 없는 도전",IT
가짜 트럼프·AI 아이유 사라질까… ‘딥페이크’ 범람에 단속 나선 유튜브,IT
"국회 과방위, '故 오요안나 사건' 관련 현안질의 실시",IT
"메타 전직 임원 “저커버그, 중국 진출 위해 미국 배신하려 했다” 폭로",IT
"""오픈AI 해치려는 시도 멈춰""…올트먼, 머스크에 맞소송",IT
사직 전공의 최장 4년 이상 입영 대기…의협 '헌법소원심판' 청구,IT
"‘美 AI 출사표’ 윤송이, NC문화재단 이사장 사임",IT
[팩플] ‘추론AI’로 쏠리는 AI시장 무게중심…첫 추론 AI칩 내놓은 구글,IT
"올트먼 축출한 수츠케버, 구글과 ‘反오픈AI’ 손잡았다",IT
"""핵심 자회사도 얄짤 없네""…AI 올인 카카오, 조직 슬림화 '드라이브'",IT
"GC지놈, 상반기 내 상장 추진…증권신고서 제출",IT
[기고] 블록체인과 투자 생태계의 신뢰 회복을 위한 제언,IT
"가볍고 성능 높인 차세대 배터리 온다…LG엔솔, 개발 박차",IT
"한숨 돌린 삼성 스마트폰, 관세 유예에 반사이익 얻나",IT
"지드래곤 음원과 홍채 이미지, 우주로 퍼져나갔다",IT
"애플, 내년 아이폰·아이패드 모두 접을까",IT
금융권 1호 '1만원대 알뜰폰 5G 요금제' 나왔다...KB국민 가세,IT
"올트먼, 머스크에 맞소송…오픈AI ""악의적 행위 멈춰달라""",IT
"‘100년 기업’ IBM, 메인프레임 z17로 혁신 잇나 [고든 정의 TECH+]",IT
"'매각설' 도는 카카오엔터 CEO ""동요 말고 변함 없이 업무 임해달라"" 당부",IT
상폐 위기 빠진 위믹스…블록체인 게임 업계 ‘우려’ 확산,IT
"카카오엔터 CEO, 매각설 진화 ""FI 지분 변동 논의 와전""",IT
"“머스크, 거짓인수 뻥카드 그만쳐라”…올트먼, 맞소송 나선 이유는",IT
트럼프-젠슨 황 어떤 밀담 나눴나?...對중국 칩 수출 규제 중단 이유는,IT
말하지 않아도 AI가 '알잘딱깔센'…통신사 해지율도 '뚝',IT
"공공재처럼 쓰이는 플랫폼, 책임은 실종…""제도 정비 시급""",IT
"SK하이닉스, 'TSMC 기술 심포지엄' 참가…HBM4 협업 소개",IT
"'클린 석탄'외친 트럼프, 韓은 CCU로 탄소 감축[백종민의 쇼크웨이브]",IT
바이폴라⋅소듐이온⋅전고체까지…LG엔솔 차세대 배터리 개발 '속도' [소부장박대리],IT
"코아스템켐온 “뉴로나타알, 임상지표·바이오마커 개선 확인”",IT
"中 로청, '보안 논란' 인상 지우기 한창…'글로벌 스마트홈' 생태계 구축에 박차",IT
공공AI사업 쏟아지자 대구센터 ‘완판’…PPP 두고 엇갈린 클라우드 기업들,IT
"“구글, 1000억 규모 韓 보조금 받는 셈”…망 무임승차, 소비자 편익 어떻게 저해했나",IT
"'스타링크 대항마' 아마존 인터넷 위성, 날씨 탓에 또 연기",IT
불확실성 속 제로트러스트 사업 전진…'성숙도 검증' 과제로,IT
의정갈등 1년…대학병원 의사 35% 줄고 동네병의원은 늘어,IT
"구글 클라우드, `제미나이 2.5 플래시` 공개…“AI 성능은 올리고, 비용은 낮췄다”",IT
삼성 AI 로봇 '볼리'에 구글 '제미나이' 탑재,IT
“구글이 국내통신사에 지불해야할 망 이용대가 연간 2000억원”,IT
"헌재, 박성재 법무 장관 탄핵소추 기각",IT
"유니티 손잡은 네이버 `치지직`, 3D 버추얼 사업 강화에 속도",IT
의정갈등 1년…상급종합병원 의사 35% 줄고 동네 병원은 늘었다,IT
"""AI 시대 트래픽 폭증 전망…트럼프도 망 비용 분담 강조할 것""",IT
"""탈통신화 가속화…통신 품질·유료방송 공공성 확보해야""",IT
"박주민 ""일부 정책 재논의해야""…의협 ""정부, 소통 해보자""(종합)",IT
"달의 앞과 뒤, 촉촉함이 다르다",IT
LG엔솔 “2030년 이전 전고체 출시”·삼성SDI “차세대 셀투팩 각형 배터리 개발”,IT
"과방위, 18일 오요안나 기상캐스터 사망사건 살핀다",IT
"K-휴머노이드 연합 출범…""2030년까지 1조원 투자""",IT
"""달 뒷면, 앞면보다 훨씬 건조할 수도"" [우주로 간다]",IT
"""2030년 휴머노이드 최강국 목표""…40여개 산학연 '연합' 결성",IT
160만 수강생 정보 유출·포인트 해킹...개보위 업체 2곳에 과징금 부과,IT
"오픈AI, 머스크 상대 소송…“우리 무너뜨리려 모든 수단 동원”",IT
"달은 앞뒤 다른 천체…""뒷면이 더 바짝 말랐다""",IT
"의식 잃고 쓰러진 60대, 장기 기증으로 한 생명 살리고 떠나",IT
암이 혈관 영양분 뺏는 과정 관찰해 암 잡는다,IT
멕시코서 조류 인플루엔자로 유아 사망…대유행 우려 커지나,IT
리튬금속전지 수명 연장…나노 전해질 개발,IT
"LS전선, 싱가포르서 2000억 규모 초고압케이블 수주",IT
"日 라피더스, 2㎚ 파운드리 시생산 가동",IT
세금 환급에 몰리는 사람들...삼쩜삼 1년새 환급 신고액 7000억원 늘어,IT
"옴니사, 파트너 프로그램 재정비…""韓 대기업·공공시장 공략""",IT
"호서대, K-OSAT 인재 양성소 '반도체 패키지 랩(LAB)' 국내 대학 첫 개소",IT
"'AI 원조' 구글, 앤스로픽·수츠케버와 '反 오픈AI 연대' 구축",IT
"입소문만 무성한 ‘바다의 은하수’, 기록과 과학이 신비 벗긴다",IT
"공식앱인 줄 알았는데…국정원, '서민대출 빙자' 악성앱 차단",IT
100년 만에 풀린 물리학 퍼즐…단일 입자 내 파동에너지 완벽 속박,IT
"박주민 ""의료계·정부에 국회 차원 '공론화 기구' 설치 재차 제안""",IT
'뇌졸중' 남편 대신 가족 부양했던 어머니…장기기증하고 하늘로,IT
"고용시장, AX 가속화…“2030년 제조업 36% AI 도입”",IT
“이것 하나 넣었을 뿐인데” 놀라운 변화…‘리튬금속전지’ 수명 확 늘렸다,IT
"대한상의 ""기업 연속성 위해 하이브리드 상속세 필요""",IT
"개인정보 유출 클래스유, 5360만원 과징금",IT
"개인정보위, 회원 개인정보 유출한 클래스유·KT알파에 과징금",IT
'개인정보 유출' 클래스유·KT알파에 과징금·과태료 부과,IT
DB 해킹으로 160만명 정보유출…클래스유 과징금 5360만원,IT
산불 다음엔 `산사태` 대비해야…2시간 30분 내 산사태 위험 예측 가능해져,IT
"""불만 없어도 해결해 드립니다""…KT, AI로 1300만명 통화 품질 미리 점검",IT
"""통신신호가 깜빡거렸는데 KT에서 딱 연락이""…KT, AI 활용법(종합)",IT
"""구글·넷플릭스가 버티면…애꿎은 이용자만 요금 인상 피해 우려""",IT
"""구글 내야 할 망대가 2천억…빅테크 무임승차, 공유지 비극 초래""",IT
"""트래픽 30% 유발 구글, 적정 망사용료 2천억…소모적 갈등 끝내야""",IT
"사모펀드 품에 안긴 가상 데스크톱 인프라 업체 ‘옴니사’, 韓 시장 공략 속도",IT
"구글, GPT·딥시크 뛰어넘는 AI모델 '제미나이 2.5 플래시' 공개",IT
"네이버, 검색 정확도 높인다…""AB 테스트 진행 중""",IT
수소차 과열 위험 줄인다…온도 상승 원천 차단 기술,IT
"구글, 최신 AI 제미나이 2.5 플래시 공개 “추론 수준 조정”",IT
"구글, 성능 10배 높인 추론형 TPU ‘아이언우드’ 공개",IT
"아마존, 중국산 일부 제품 주문 취소...""관세 부과 탓""",IT
붉은 행성 사는 ‘악마’ 둘이 충돌했다 [여기는 화성],IT
"KAIST 교수 지드래곤, 과기·예술 융합 우주 실험 '성공'",IT
‘관세폭탄’에도…SK하이닉스 D램 독주할 듯,IT
"""이러다 아이폰 400만원 될 판""…中 관세 폭탄 '나비효과'",IT
"[단독] 매각설 진화 나선 카카오엔터 CEO ""동요 말고 변함없이 업무 임해 달라""",IT
"윤송이 前 NC소프트 사장, NC문화재단 이사장직 물러나",IT
"아이폰17 프로 카메라 모듈, 갑자기 왜 커지나",IT
"""원히트원더는 옛말""…IP 확대 나서는 크래프톤",IT
"지드래곤, KAIST서 79광년 떨어진 '사자자리'로 음원 쏘다…""K팝, 지구밖 우주로""",IT
"‘우주에 GD 노래가’…KAIST, 우주 음원 송출 프로젝트 실험 성공",IT
"' 우주에서도 K팝 듣는다' 가수 지드래곤 음원, 우주 송출 성공",IT
"첫 출근 조영기 ""조기 대선 정국, 게임업계 목소리 제대로 전달할 것""",IT
"국민의힘, 대선후보 경선서 4인→2인 압축키로",IT
"박민수 차관 ""의료개혁 계속추진…전공의 주당 근무 시간 80→72시간 단축""",IT
'500만원 아이폰' 피할 수 있을까…'위기의 애플' 세가지 시나리오,IT
"바이오소부장 강자 싸이티바, 항체치료제용 레진 2종 출시",IT
"김택진 배우자 윤송이 전 대표, NC문화재단 이사장직 물러나",IT
"페이스북 전 임원 “저커버그, 中과 한통속… 성조기 두르고 뒤로 협력”",IT
"이재명, 대선 출마 선언...""대한민국의 훌륭한 도구 되겠다""",IT
"""암 내성, 추적 길 열려""…인체 유사환경 `미세 칩`서 확인",IT
“1000개 암 덩어리” 실시간 분석 칩…개인 맞춤형 항암제 만든다,IT
조영기 신임 한국게임산업협회장 취임...산적한 과제는,IT
"""내 최애 이름 딴 숲"" 멜론, 투바투·NCT 2호숲 조성",IT
“9시간 기다렸어요” 일본·중국에서도 ‘우르르’…아이돌 콘서트 아니라고?,IT
"SKIET, 북미에 전기차 30만대 분량 분리막 원단 공급",IT
“지드래곤 보러 왔는데” 뜻밖의 광경에 ‘난리’…재미·감동 다 잡았다,IT
"젠슨 황, 美 투자 약속하자... 트럼프, 엔비디아 칩 中 수출금지 계획 철회",IT
오픈AI 이어 앤트로픽도 200달러 AI 챗봇 요금제 출시,IT
“HBM takes it all”…美관세에도 SK하이닉스 D램 독주 전망 [비즈360],IT
"엑셀세라퓨틱스, 1위 기업과 독점계약 체결에 上...알테오젠도 상승 전환[바이오맥짚기]",IT
"""조선에 더 많은 투자""…트럼프, 中 해양 패권 견제 나서",IT
"셀트리온, 호주서 아이덴젤트·스토보클로·오센벨트 품목 허가",IT
"샘 알트먼 내쫓은 그 남자, 구글과 '1조원' AI 실험 시작했다",IT
"""나이먹었다고 봐주지 않아…공동체와 동참하려면 노력해야""",IT
‘망 이용료’ 무임승차 논란 재점화…OTT-ISP 갈등에 정부 제도화 촉구,IT
"삼성바이오에피스, 국내 학회서 자가면역질환 치료제 최신 연구 공개",IT
"무더위 예고에 … 삼성전자·LG전자, 1분기 에어컨 판매량 급증",IT
"K-배터리 3사, 非중국 전기차 배터리 시장 점유율 38.6%…전년비 6.2%↓",IT
"SKIET, 글로벌 고객사에 최대 30만대 규모 분리막 공급…북미 시장 공략 [소부장박대리]",IT
지드래곤 음악이 우주로 송출된 까닭은…우주안테나와 신비롭고 환상적인`콜라보` 연출,IT
[르포] 모바일뱅킹·키오스크를 두려워하지 않는 늙은 '관식·애순'을 만나다,IT
"""우버택시 타고 봄 나들이""…'놀토'에 왕복 택시비 2만원 쏜다",IT
"플래티어, AI로 무장한 '엑스투비' 앞세워 실적 반등",IT
구강 건강이 뇌 건강…입안 미생물 따라 인지력 달라져,IT
"렉라자 병용 데이터 본 아스트라제네카, 대응책은",IT
당근 채팅에서 GS25∙CU 택배예약 가능,IT
"배민, 소상공인 1000여 명에 300억 규모 대출 보증",IT
"李 ""어린시절 갤로그해"", 韓 ""맹획으로 천하통일""…게임정책 미리보기",IT
트럼프 관세 유예 발표에…나이키·월마트 등 주가 ↑,IT
"""그록 AI로 美공무원들 대화 감시…트럼프·머스크 욕하나 검열""",IT
"[인터뷰] ""게임도 AX가 살 길""…엔씨 출신 상무가 말하는 KT AI의 강점은?",IT
"AI로 기술 혁신 이어가는 엑스투비, 플래티어 수주 확대 원동력",IT
[인터뷰] NHN두레이 백창열 대표 “협업툴 넘어 올인원 업무 플랫폼으로 승부”,IT
"창업주 복귀한 ‘슈퍼캣 2.0’, 위기 돌파할까",IT
"“저커버그, 중국과 한통속” 페북 前임원 ‘청문회 폭로’ 봤더니",IT
"SKIET, 북미서 분리막 원단 공급…전기차 30만대 규모",IT
카이스트 ‘큰형님’ 자처한 서정진 “함께 전 세계 시장을 두들겨봅시다”,IT
"리게티·아이온큐, 트럼프 관세 유예 발표 20%이상 주가 상승",IT
"[유미's 픽] 정용진이 키우는 신세계I&C, 조준희가 세운 유라클…新사옥서 날개 달까",IT
"KT, ‘게임 AX’ 전략 본격화…AI로 기획부터 운영까지 혁신",IT
"KT ""AX 솔루션, 드라이버를 쓰는 목수에게 전동 드릴을 주는 격"" [인터뷰]",IT
"""주인님, 제가 알려드릴게요"" AI에 1분기 희비 엇갈린 네이버·카카오",IT
"""게임산업, AX로 가장 큰 효과…KT 설루션 '한국적 AI' 강점""",IT
'관세 유예'로 애플 주가 15% 폭등…27년만에 최고 상승률,IT
"엔비디아 中 사업 '숨통'...""트럼프, H20 수출 규제 계획 철회""",IT
[사이언스영상] 진동으로 침입자 쫓아내는 애벌레,IT
'위믹스' 상폐 막는다…홀더 직접 만나는 위메이드,IT
"'KAIST 교수' 지드래곤, 우주로 음원 보냈다",IT
"네카오 포털사 '대선 체제'…""후보자 관련 정보 삭제 요청은 선관위에""",IT
"제미나이 최신 버전 베일 벗었다…""추론 수준 제어 가능""",IT
"당근페이, GS25·CU와 손잡고 ‘편의점 택배예약’ 기능 도입",IT
"줄리엔강, 매일 아침 `이것` 받고 조각 몸매 완성…모닝 루틴 전격 공개 [강민성의 헬스토리]",IT
[미장브리핑] 미국 상호관세 90일 유예…나스닥 12% 급상승,IT
재밌지만 찜찜한 ‘지브리’ 열풍…저작권 등 문제 없나?,IT
"관세 유예에 애플 급등했지만… ""美 생산시 아이폰 500만원"" [윤민혁의 실리콘밸리View]",IT
"[IT썰] 관세전쟁에도…알파벳, 올해 750억불 투자 재확인",IT
"리스크 벗은 통신사들, 분기 영업익 1.5조 넘본다",IT
"무료배송·반품에 '폭싹 속았수다'까지 공짜로 보여주더니…""네이버멤버십 이 정도야?""",IT
"애플 15%, 엔비디아 18% 폭등...‘M7′ 시총 하루만에 2700조원 증가",IT
"'아이폰 500만원' 위기, 일단 숨돌렸다 [모닝폰]",IT
"구글, 최신 AI 제미나이 2.5 플래시 공개…""추론 수준 제어""",IT
"'양대마켓 1위' RF넥스트, 대규모 업뎃으로 흥행 잇는다 [오늘의 게임 업데이트]",IT
"'매각설' 도는 카카오엔터, 제작 자회사 사정 어떻길래",IT
애플 15%·테슬라 22% ↑…7개 대형기술주 시총 하루만에 2천700조원 증가,IT
"""日, 8조 원 쏟아붓는데…한국은?"" AI 반도체 투자 시급성 부각",IT
AI도 승자독식…오픈AI·구글 떼돈 벌 동안 한국은 통계 '0',IT
"수술대 오르는 방통위, 야당이 메스 잡나 [IT클로즈업]",IT
"'감사의견 거절' 한국유니온제약, 상장폐지 직전 기사회생 기회",IT
"카카오 노조 ""다음·카카오엔터테인먼트·카카오모빌리티 매각 반대""",IT
"[비즈톡톡] 영업이익 반토막에 대표는 공석… 한국IBM, 공공 클라우드 사업 시작도 못하고 포기?",IT
[비즈톡톡] 자회사에 736억 쏟아부었는데 게임 흥행은 부진… 네오위즈 투자 전략에 ‘물음표’,IT
[비즈톡톡] HBM 살려야 하는데 ‘인력 충원’ 놓고 고민 깊어진 삼성 반도체,IT
"“K칩스법, 효과 높이려면 최저한세율 15%로 낮춰야”",IT
"멸종동물 다이어울프 '부활'에 줄비판…""유전자 바꾼 회색늑대 불과""",IT
숨빗AI 생성형 AI 의료기기 임상계획 식약처 승인…국내 최초,IT
"""의견 듣겠다"" 게임협 조영기號…'질병코드' 성과낼까",IT
모든 것이 사라졌다…위성으로 본 산불 지역,IT
법인 시장 잡아라… 선점 경쟁 나선 가상자산 거래소,IT
'11조원'설 카카오엔터 매각…성사 가능성은,IT
"네이버 멤버십 소비자 만족도, 쿠팡 제쳤다",IT
AI로 얼굴 바꿔 화상 면접…잘못 뽑았다가 돈·기밀 털린다,IT
印·中에 비행기 5대 띄운 애플… 글로벌 아이폰 가격 인상 우려,IT
뇌처럼 스스로 생각하기… 인간 닮은 컴퓨터 나올까,IT
[오리진] 유인원 게놈지도 발표…인간·침팬지 차이 밝힐까,IT
"일터 덮친 AI... ""'AI로 대체 불가' 증명 못 하면 신규 채용 불허""",IT
"음악회 이어, DJ 파티까지…오프라인에 힘싣는 게임사들",IT
외계인도 지드래곤에 빠질까…우주에 꽃피운 K팝 새 역사,IT
"구글 클라우드, 추론용 TPU '아이언우드' 공개…성능 두 배 끌어올려",IT
“어젯밤부터 기다렸어요” 이정재가 카이스트에 떴다…물만 마셔도 들썩들썩,IT
"날아오르는 박쥐 떼, 충돌 않는 비결은… 가장 가까운 한마리 피하기 전략",IT
"“빛으로 세포활동 조절 광유전학, 알츠하이머 치료도 기대”",IT
회춘과 영생 꿈꾼다... 바이오 해커들의 시도,IT
[Small Read] 10㎝보다 큰 우주 쓰레기 5만개 넘어섰다,IT
"“우주서 발효된 된장, 향이 세고 맛은 고소”",IT
"세계 TV투톱 삼성·LG, OLED 시장서 본격 격돌",IT
“번식하려면 지금이 적기야”...너희들은 다 피어날 계획이 있구나,IT
서정진 회장 ‘핫라인’ 쟁취한 카이스트 학생의 패기 “질문있습니다!”,IT
"[단독] “기훈이형, 얼으으음!” 이정재, ‘이노베이트코리아’ 무대서 ‘오징어게임’ 깜짝 재연",IT
“또 너냐” 세계적인 숙명의 라이벌...이번엔 전기차서 한판 붙는다,IT
“지브리풍 AI 사진? 한국서는 불법 될 수도” [형테크],IT
"LG전자, AMD 라이젠 탑재 그램15 출시",IT
"TSMC, 화웨이 우회거래로 美 1.4조 '벌금폭탄' 위기",IT
"크림, 지난해 매출 역대 최대…적자는 확 줄었다",IT
재밌지만 찜찜한 ‘지브리’ 열풍…저작권 등 문제 없나?,IT
"MBK, '홈플' 피해 구제책 10일 발표할까…국회 요구 시한",IT
"구글, 성능 10배 높인 차세대 AI 반도체 개발",IT
"10배 빠른 괴물칩 공개한 구글, 삼성과 동맹도 강화한다",IT
"지디 말고 ‘카이스트 교수’ 권지용…“과학·예술, 맞닿아”",IT
“중국에 못 당해…이러다 한국 쫄딱 망한다” 얼마나 심각하길래 다들 이탈?,IT
"""AI로 당첨번호 예측"" 기승에…특허 시도 차단",IT
아이폰 500만원 될라…트럼프 中 104% 관세 발효에 야속한 애플,IT
인스타그램 이어 페북도… '10대 계정' 비공개 시대[Global],IT
클릭 한 번에 녹는 GPU…`지브리 풍` AI 이미지에 지구가 운다,IT
"[단독] “드디어 나왔다” 지드래곤 새 뮤비, ‘이노베이트코리아’서 최초 공개",IT
"데이터센터 사활 건 SKT ""전기료 부담 덜까""…'분산특구' 지정이 관건",IT
오픈소스로 수산물 예측 모델 만들었는데... 정작 어업 현장에선 못 써,IT
